et000.jpg	0	291	221.763	172.941
et004.jpg	0	389	307.004	203.284
et001.jpg	0	208	236.811	219.015
et007.jpg	0	584	367.932	222.048
et005.jpg	0	545	342.823	170.334
et003.jpg	0	114	228.013	184.148
et006.jpg	0	630	332.467	166.913
et002.jpg	0	125	262.168	214.249
et008.jpg	0	403	345.564	185.236
et002.jpg	1	184	590.614	281.068
et000.jpg	1	209	605.155	224.132
et006.jpg	1	172	555.443	333.22
et008.jpg	1	28	218.122	39.9652
et005.jpg	1	302	514.451	346.792
et004.jpg	1	284	593.887	314.689
et001.jpg	1	97	585.056	242.546
et007.jpg	1	208	554.102	373.068
et003.jpg	2	441	190.422	195.33
et007.jpg	2	791	240.71	226.502
et001.jpg	2	470	204.194	235.612
et004.jpg	2	601	269.316	211.833
et002.jpg	2	755	228.573	226.663
et005.jpg	2	699	217.069	156.699
et006.jpg	2	763	182.978	163.826
et000.jpg	2	524	184.361	186.876
et006.jpg	3	158	556.739	303.774
et007.jpg	3	184	557.199	346.284
et008.jpg	3	43	207.617	61.1462
et001.jpg	3	86	569.12	224.369
et004.jpg	3	279	577.038	292.704
et002.jpg	3	169	579.761	257.34
et005.jpg	3	284	518.529	318.971
et001.jpg	4	313	559.028	95.1283
et002.jpg	4	537	599.013	132.812
et003.jpg	4	363	575.726	111.102
et004.jpg	4	529	600.173	167.14
et005.jpg	4	608	614.699	261.596
et000.jpg	4	433	562.97	78.3962
et006.jpg	4	197	485.142	382.497
et002.jpg	5	675	594.456	114.425
et004.jpg	5	556	594.674	152.992
et001.jpg	5	398	550.911	80.4904
et003.jpg	5	361	568.435	102.598
et000.jpg	5	432	554.76	69.2017
et008.jpg	5	460	106.58	74.4629
et005.jpg	5	642	623.508	243.718
et002.jpg	6	636	620.112	183.06
et001.jpg	6	378	590.299	133.773
et006.jpg	6	654	627.708	298.85
et004.jpg	6	543	631.062	214.43
et005.jpg	6	577	597.374	322.088
et007.jpg	6	666	626.259	353.105
et008.jpg	6	365	148.277	22.0208
et003.jpg	7	333	599.221	339.417
et004.jpg	7	512	556.043	374.879
et005.jpg	7	516	461.59	350.735
et006.jpg	7	602	508.956	341.895
et002.jpg	7	585	559.629	335.105
et001.jpg	7	358	567.545	310.453
et000.jpg	7	421	591.183	305.075
et004.jpg	8	501	605.479	178.403
et002.jpg	8	539	602.199	143.092
et008.jpg	8	380	125.198	56.0838
et000.jpg	8	395	571.198	86.827
et005.jpg	8	565	609.923	273.808
et003.jpg	8	300	583.929	119.422
et001.jpg	8	316	564.316	103.426
et000.jpg	9	566	511.155	257.391
et006.jpg	9	312	543.852	169.22
et003.jpg	9	517	516.612	290.921
et004.jpg	9	645	496.234	312.057
et001.jpg	9	523	502.502	255.907
et002.jpg	9	832	510.218	268.867
et005.jpg	10	479	504.473	220.11
et007.jpg	10	501	543.631	252.006
et000.jpg	10	533	416.3	85.2762
et003.jpg	10	477	431.707	116.306
et002.jpg	10	810	461.777	84.3924
et006.jpg	10	579	535.767	203.677
et002.jpg	11	696	227.437	238.206
et004.jpg	11	582	263.917	226.421
et005.jpg	11	659	233.395	151.829
et000.jpg	11	509	182.627	201.308
et003.jpg	11	443	187.508	209.689
et006.jpg	11	739	197.403	156.367
et007.jpg	12	217	505.082	380.224
et006.jpg	12	176	506.428	348.662
et001.jpg	12	115	570.248	315.942
et000.jpg	12	223	593.745	310.719
et005.jpg	12	160	458.195	356.435
et004.jpg	12	296	557.987	381.92
et004.jpg	13	413	560.84	386.132
et005.jpg	13	433	457.754	360.437
et007.jpg	13	416	504.778	383.794
et000.jpg	13	318	598.033	313.368
et003.jpg	13	207	605.689	348.36
et001.jpg	13	234	573.233	320.393
et003.jpg	14	236	620.406	133.883
et002.jpg	14	460	627.454	189.139
et008.jpg	14	307	147.035	14.5416
et007.jpg	14	617	629.776	360.94
et005.jpg	14	509	601.295	329.804
et000.jpg	14	347	609.324	103.043
et007.jpg	15	398	628.83	340.778
et006.jpg	15	362	629.417	284.773
et002.jpg	15	87	615.455	173.072
et001.jpg	15	27	583.569	126.656
et005.jpg	15	275	600.575	309.333
et004.jpg	15	266	624.072	205.352
et002.jpg	16	314	258.275	163.613
et004.jpg	16	91	313.98	138.059
et000.jpg	16	178	213.7	116.208
et003.jpg	16	102	223.853	128.913
et008.jpg	16	14	186.77	20.3892
et001.jpg	16	191	225.839	166.98
et003.jpg	17	13	591.785	112.134
et007.jpg	17	185	626.629	345.956
et005.jpg	17	126	597.993	314.673
et006.jpg	17	153	627.517	290.848
et001.jpg	17	18	572.013	100.868
et004.jpg	17	139	626.086	210.316
et001.jpg	18	98	585.056	242.546
et002.jpg	18	185	590.614	281.068
et005.jpg	18	301	514.451	346.792
et000.jpg	18	210	605.155	224.132
et004.jpg	18	285	593.887	314.689
et007.jpg	18	207	554.102	373.068
et001.jpg	19	377	590.299	133.773
et002.jpg	19	635	620.112	183.06
et006.jpg	19	655	627.708	298.85
et007.jpg	19	667	626.259	353.105
et008.jpg	19	364	148.277	22.0208
et005.jpg	19	578	597.374	322.088
et000.jpg	20	440	594.838	98.4988
et004.jpg	20	536	621.629	194.187
et005.jpg	20	620	607.381	299.945
et008.jpg	20	370	134.331	35.9565
et003.jpg	20	369	606.139	129.787
et001.jpg	20	373	579.35	115.995
et003.jpg	21	301	615.112	128.08
et000.jpg	21	399	603.56	96.8952
et002.jpg	21	561	623.665	176.066
et001.jpg	21	324	592.225	126.113
et008.jpg	21	367	132.559	28.392
et005.jpg	21	572	611.651	306.91
et000.jpg	22	468	64.7506	371.406
et005.jpg	22	367	213.383	120.525
et008.jpg	22	279	467.351	204.157
et003.jpg	22	391	77.1629	401.948
et006.jpg	22	463	175.238	131.227
et007.jpg	22	349	235.478	195.972
et005.jpg	23	159	458.195	356.435
et007.jpg	23	216	505.082	380.224
et003.jpg	23	129	602.099	345.638
et004.jpg	23	295	557.987	381.92
et006.jpg	23	175	506.428	348.662
et005.jpg	24	495	625.77	271.343
et002.jpg	24	290	608.212	128.179
et004.jpg	24	376	613.476	163.588
et001.jpg	24	165	566.754	87.722
et000.jpg	24	270	572.817	69.1964
et002.jpg	25	602	282.551	27.717
et005.jpg	25	208	219.516	135.878
et004.jpg	25	517	120.021	86.1026
et001.jpg	25	376	249.743	127.252
et006.jpg	25	299	183.428	144.483
et000.jpg	26	87	585.365	197.693
et004.jpg	26	277	581.835	281.949
et005.jpg	26	280	527.452	316.696
et001.jpg	26	77	570.404	212.511
et002.jpg	26	157	583.504	247.32
et008.jpg	27	376	132.155	48.6645
et002.jpg	27	630	607.277	158.905
et001.jpg	27	375	572.657	116.421
et004.jpg	27	535	612.716	193.137
et005.jpg	27	616	602.926	291.103
et001.jpg	28	251	557.757	82.0008
et002.jpg	28	533	600.58	118.638
et005.jpg	28	557	626.657	253.878
et004.jpg	28	454	602.869	155.119
et008.jpg	28	320	106.392	65.0073
et004.jpg	29	164	559.501	367.436
et002.jpg	29	208	563.687	328.571
et001.jpg	29	106	569.599	301.807
et003.jpg	29	126	599.959	329.621
et000.jpg	29	106	592.03	295.256
et000.jpg	30	299	66.2547	190.65
et007.jpg	30	45	318.368	160.83
et008.jpg	30	139	300.651	231.145
et003.jpg	30	187	92.941	223.933
et001.jpg	30	168	87.0932	95.0959
et004.jpg	31	588	547.445	361.204
et002.jpg	31	728	557.618	320.926
et000.jpg	31	513	580.532	293.909
et001.jpg	31	456	561.49	296.429
et003.jpg	31	451	588.692	327.897
et005.jpg	32	143	513.048	339.847
et004.jpg	32	320	356.382	417.202
et007.jpg	32	200	552.78	366.42
et006.jpg	32	170	553.677	326.29
et000.jpg	32	147	444.25	442.204
et000.jpg	33	439	589.106	93.2735
et004.jpg	33	537	621.629	194.187
et005.jpg	33	619	607.381	299.945
et008.jpg	33	371	134.331	35.9565
et001.jpg	33	374	579.35	115.995
et005.jpg	34	611	622.457	263.673
et004.jpg	34	497	606.762	163.352
et001.jpg	34	311	562.267	89.5392
et000.jpg	34	390	568.564	73.1031
et002.jpg	34	535	603.129	127.462
et000.jpg	35	391	568.564	73.1031
et002.jpg	35	536	603.129	127.462
et001.jpg	35	312	562.267	89.5392
et004.jpg	35	498	606.762	163.352
et005.jpg	35	610	622.457	263.673
et002.jpg	36	306	606.554	146.55
et001.jpg	36	169	569.428	105.444
et003.jpg	36	100	589.151	118.52
et004.jpg	36	383	611.612	180.809
et000.jpg	36	174	576.881	86.0647
et001.jpg	37	235	573.233	320.393
et000.jpg	37	319	598.033	313.368
et004.jpg	37	414	560.84	386.132
et002.jpg	37	387	563.302	347.065
et003.jpg	37	208	605.689	348.36
et001.jpg	38	319	585.108	115.639
et005.jpg	38	506	608.522	314.284
et000.jpg	38	396	595.356	89.5751
et002.jpg	38	556	619.106	163.079
et008.jpg	38	309	137.301	23.9609
et007.jpg	39	233	577.252	407.878
et005.jpg	39	168	540.577	382.023
et002.jpg	39	182	622.623	280.685
et001.jpg	39	93	616.04	228
et006.jpg	39	187	581.599	367.882
et000.jpg	40	168	466.169	28.2998
et002.jpg	40	407	528.498	8.75657
et003.jpg	40	91	483.577	65.4417
et001.jpg	40	157	469.914	9.72061
et004.jpg	40	345	507.759	53.9224
et003.jpg	41	103	223.853	128.913
et005.jpg	41	306	550.379	359.598
et001.jpg	41	192	225.839	166.98
et002.jpg	41	313	258.275	163.613
et000.jpg	41	179	213.7	116.208
et000.jpg	42	247	438.813	420.692
et001.jpg	42	129	440.823	364.325
et002.jpg	42	211	433.103	333.88
et004.jpg	42	303	356.099	397.109
et003.jpg	42	80	445.345	462.149
et007.jpg	43	629	211.145	24.4043
et001.jpg	43	396	238.085	370.764
et004.jpg	43	550	83.9076	354.345
et000.jpg	43	473	205.111	461.598
et006.jpg	43	666	199.64	20.6164
et000.jpg	44	88	585.365	197.693
et005.jpg	44	279	527.452	316.696
et004.jpg	44	278	581.835	281.949
et002.jpg	44	158	583.504	247.32
et001.jpg	44	78	570.404	212.511
et003.jpg	45	59	609.552	349.09
et002.jpg	45	219	565.824	349.568
et001.jpg	45	119	576.461	321.958
et004.jpg	45	170	564.853	388.733
et000.jpg	45	110	602.073	314.44
et002.jpg	46	210	433.103	333.88
et004.jpg	46	302	356.099	397.109
et003.jpg	46	79	445.345	462.149
et000.jpg	46	246	438.813	420.692
et001.jpg	46	128	440.823	364.325
et001.jpg	47	345	253.203	211.39
et002.jpg	47	465	278.249	208.213
et000.jpg	47	406	240.652	168.362
et003.jpg	47	311	247.463	181.493
et005.jpg	48	101	618.288	273.963
et000.jpg	48	25	573.441	77.5229
et004.jpg	48	112	610.963	171.383
et008.jpg	48	38	118.513	52.1039
et005.jpg	49	293	594.149	334.743
et008.jpg	49	164	153.838	13.3832
et007.jpg	49	527	623.45	365.183
et006.jpg	49	528	625.356	312.564
et006.jpg	50	329	542.757	207.843
et008.jpg	50	201	187.316	144.339
et005.jpg	50	398	511.855	224.503
et007.jpg	50	370	549.732	256.1
et006.jpg	51	529	557.16	314.068
et007.jpg	51	525	556.958	355.91
et005.jpg	51	427	518.042	328.828
et002.jpg	51	364	584.223	265.826
et001.jpg	52	379	106.33	136.05
et000.jpg	52	415	81.6661	232.972
et002.jpg	52	600	135.893	16.9473
et003.jpg	52	264	105.571	266.088
et000.jpg	53	418	52.3211	301.475
et003.jpg	53	387	70.4602	331.049
et001.jpg	53	389	86.5217	215.433
et002.jpg	53	615	108.293	103.598
et001.jpg	54	105	529.251	298.036
et003.jpg	54	127	551.044	344.872
et000.jpg	54	222	542.558	309.45
et002.jpg	54	193	527.437	308.401
et003.jpg	55	186	92.941	223.933
et000.jpg	55	298	66.2547	190.65
et008.jpg	55	449	385.084	279.295
et001.jpg	55	167	87.0932	95.0959
et002.jpg	56	189	487.99	306.585
et001.jpg	56	111	490.152	313.453
et004.jpg	56	162	441.846	358.159
et000.jpg	56	118	496.878	343.3
et007.jpg	57	400	631.021	346.887
et005.jpg	57	278	603.148	315.483
et008.jpg	57	17	141.75	25.0485
et006.jpg	57	523	631.919	291.105
et000.jpg	58	410	208.832	221.912
et003.jpg	58	380	211.803	231.248
et001.jpg	58	352	227.84	264.581
et002.jpg	58	479	246.234	256.476
et003.jpg	59	155	572.116	98.03
et001.jpg	59	249	554.534	78.2302
et000.jpg	59	267	559.265	64.4758
et005.jpg	59	489	628.36	247.414
et008.jpg	60	272	429.998	178.921
et005.jpg	60	376	259.481	144.458
et006.jpg	60	470	220.321	147.98
et007.jpg	60	486	276.826	213.783
et002.jpg	61	294	98.3783	135.375
et001.jpg	61	216	79.3681	245.878
et003.jpg	61	211	56.7277	356.817
et000.jpg	61	227	40.9991	329.822
et008.jpg	62	288	29.1881	222.341
et004.jpg	62	228	508.55	58.2191
et001.jpg	62	0	471.415	13.3311
et002.jpg	62	4	529.726	12.4638
et007.jpg	63	598	427.455	269.565
et002.jpg	63	328	407.307	199.349
et006.jpg	63	581	403.484	219.847
et005.jpg	63	481	399.393	229.064
et001.jpg	64	331	116.261	146.262
et000.jpg	64	372	91.1251	243.311
et002.jpg	64	505	144.977	29.2359
et003.jpg	64	270	113.892	277.357
et002.jpg	65	757	376.251	233.709
et003.jpg	65	447	359.846	244.056
et004.jpg	65	607	383.139	252.08
et000.jpg	65	527	354.329	221.65
et001.jpg	66	92	616.04	228
et006.jpg	66	188	581.599	367.882
et007.jpg	66	234	577.252	407.878
et002.jpg	66	183	622.623	280.685
et000.jpg	67	386	549.868	25.9344
et004.jpg	67	489	603.205	107.747
et002.jpg	67	513	602.629	69.4289
et003.jpg	67	296	563.792	60.1283
et008.jpg	68	129	283.279	223.722
et006.jpg	68	29	385.263	118.578
et005.jpg	68	9	394.149	125.542
et007.jpg	68	52	418.119	176.167
et006.jpg	69	574	429.814	165.164
et008.jpg	69	399	261.625	169.542
et005.jpg	69	469	433.728	177.839
et007.jpg	69	586	456.52	222.919
et000.jpg	70	463	11.9201	283.764
et002.jpg	70	669	69.5961	77.0767
et003.jpg	70	385	32.5792	311.541
et001.jpg	70	412	46.5211	197.141
et002.jpg	71	360	232.468	260.882
et001.jpg	71	294	213.214	272.092
et003.jpg	71	318	193.699	237.431
et000.jpg	71	413	191.186	229.362
et001.jpg	72	65	232.188	202.966
et002.jpg	72	107	259.859	200.247
et000.jpg	72	58	218.17	151.912
et003.jpg	72	107	225.562	163.634
et003.jpg	73	429	473.441	429.609
et004.jpg	73	589	395.55	385.723
et002.jpg	73	708	458.439	328.248
et000.jpg	73	517	466.554	390.794
et004.jpg	74	155	562.001	252.787
et001.jpg	74	58	552.631	192.204
et005.jpg	74	227	95.0743	187.48
et008.jpg	74	150	536.784	354.367
et000.jpg	75	359	219.017	163.798
et002.jpg	75	334	259.707	207.694
et003.jpg	75	244	226.017	174.858
et001.jpg	75	279	233.549	211.741
et000.jpg	76	111	602.073	314.44
et003.jpg	76	60	609.552	349.09
et001.jpg	76	120	576.461	321.958
et002.jpg	76	220	565.824	349.568
et000.jpg	77	414	181.978	230.755
et003.jpg	77	319	184.373	238.249
et007.jpg	77	162	282.198	314.386
et004.jpg	77	474	253.591	256.609
et003.jpg	78	268	82.1945	276.483
et002.jpg	78	510	114.513	39.8126
et001.jpg	78	336	87.1512	156.278
et000.jpg	78	373	59.6162	245.516
et004.jpg	79	323	358.58	423.015
et001.jpg	79	145	447.41	388.471
et002.jpg	79	227	434.921	357.541
et000.jpg	79	254	447.661	448.43
et000.jpg	80	375	46.0518	302.453
et001.jpg	80	346	80.8064	217.316
et002.jpg	80	531	102.426	104.974
et003.jpg	80	280	64.154	331.228
et000.jpg	81	253	447.661	448.43
et001.jpg	81	144	447.41	388.471
et004.jpg	81	322	358.58	423.015
et002.jpg	81	228	434.921	357.541
et000.jpg	82	191	197.746	177.306
et004.jpg	82	136	283.31	202.736
et001.jpg	82	88	215.559	225.446
et002.jpg	82	135	240.522	218.024
et008.jpg	83	10	150.871	15.932
et007.jpg	83	192	625.514	360.736
et006.jpg	83	373	627.484	307.462
et005.jpg	83	290	596.571	330.136
et007.jpg	84	86	370.636	216.51
et005.jpg	84	216	346.307	164.017
et008.jpg	84	209	340.561	190.395
et006.jpg	84	305	334.434	160.738
et000.jpg	85	303	574.807	211.405
et001.jpg	85	281	560.714	222.205
et002.jpg	85	355	572.163	253.181
et003.jpg	85	191	584.762	244.408
et005.jpg	86	684	328.3	198.687
et008.jpg	86	485	363.148	169.668
et006.jpg	86	765	324.688	196.752
et007.jpg	86	764	358.259	247.924
et006.jpg	87	33	363.565	124.006
et005.jpg	87	205	373.306	128.774
et008.jpg	87	132	304.513	223.526
et007.jpg	87	53	397.744	180.556
et000.jpg	88	56	158.474	145.409
et003.jpg	88	106	167.882	153.772
et002.jpg	88	97	208.159	186.874
et001.jpg	88	62	178.457	197.704
et008.jpg	89	531	176.453	189.548
et007.jpg	89	814	543.652	203.797
et005.jpg	89	708	509.2	171.742
et006.jpg	89	785	529.875	151.126
et002.jpg	90	778	80.7255	141.29
et003.jpg	90	471	36.1257	365.837
et001.jpg	90	490	62.2207	254.498
et000.jpg	90	530	20.3909	339.005
et001.jpg	91	507	82.0762	250.217
et002.jpg	91	797	100.612	139.941
et000.jpg	91	545	43.524	334.302
et003.jpg	91	491	59.446	361.689
et004.jpg	92	259	610.275	174.717
et001.jpg	92	17	567.015	99.5814
et002.jpg	92	64	605.736	139.936
et000.jpg	92	31	573.393	81.423
et007.jpg	93	589	228.135	232.833
et005.jpg	93	540	201.91	163.708
et006.jpg	93	576	170.325	171.881
et008.jpg	93	339	484.343	174.266
et000.jpg	94	80	236.176	186.032
et001.jpg	94	90	250.064	226.483
et007.jpg	94	471	194.135	179.477
et002.jpg	94	343	273.806	221.119
et004.jpg	95	626	556.101	381.627
et002.jpg	95	790	559.791	340.427
et001.jpg	95	496	568.69	316.47
et000.jpg	95	542	593.053	312.397
et000.jpg	96	424	252.874	360.944
et001.jpg	96	355	276.259	285.262
et003.jpg	96	389	263.091	398.147
et004.jpg	96	547	159.699	271.387
et006.jpg	97	564	179.449	126.122
et007.jpg	97	571	238.793	191.516
et008.jpg	97	346	462.655	207.871
et005.jpg	97	458	217.723	115.572
et008.jpg	98	104	344.541	189.08
et007.jpg	98	88	367.138	218.498
et006.jpg	98	306	330.908	163.192
et005.jpg	98	217	342.241	166.303
et007.jpg	99	54	397.744	180.556
et005.jpg	99	206	373.306	128.774
et006.jpg	99	34	363.565	124.006
et008.jpg	99	131	304.513	223.526
et000.jpg	100	26	573.441	77.5229
et005.jpg	100	102	618.288	273.963
et008.jpg	100	37	118.513	52.1039
et004.jpg	100	113	610.963	171.383
et005.jpg	101	639	371.266	185.186
et008.jpg	101	487	314.811	172.543
et006.jpg	101	717	363.016	178.252
et007.jpg	101	740	396.694	233.184
et000.jpg	102	320	542.407	317.212
et003.jpg	102	209	550.614	352.697
et004.jpg	102	407	499.97	359.259
et001.jpg	102	229	528.655	304.482
et007.jpg	103	11	80.2522	18.2716
et000.jpg	103	457	385.026	183.759
et004.jpg	103	247	343.382	143.661
et003.jpg	103	416	389.082	206.967
et003.jpg	104	423	97.7846	269.535
et001.jpg	104	402	99.9217	141.665
et000.jpg	104	459	74.411	237.44
et002.jpg	104	663	128.855	22.5227
et005.jpg	105	200	381.065	115.885
et008.jpg	105	225	293.535	234.324
et006.jpg	105	290	370.096	110.576
et007.jpg	105	338	404.616	168.045
et003.jpg	106	69	516.309	418.208
et004.jpg	106	301	446.703	395.187
et000.jpg	106	243	509.035	379.292
et001.jpg	106	126	499.475	347.785
et005.jpg	107	195	102.439	17.2028
et004.jpg	107	317	58.1453	417.058
et001.jpg	107	151	233.028	427.676
et002.jpg	107	212	227.364	337.101
et002.jpg	108	434	606.713	121.375
et001.jpg	108	252	564.039	81.7248
et000.jpg	108	344	569.417	64.4934
et004.jpg	108	455	611.669	157.217
et000.jpg	109	288	207.232	159.673
et003.jpg	109	175	214.812	169.93
et001.jpg	109	201	222.976	209.389
et004.jpg	109	386	297.841	187.219
et004.jpg	110	531	609.381	169.496
et001.jpg	110	399	565.995	95.57
et005.jpg	110	612	618.769	270.311
et002.jpg	110	620	605.676	135.895
et004.jpg	111	485	253.41	91.7078
et002.jpg	111	679	214.472	122.875
et000.jpg	111	345	164.46	99.1624
et001.jpg	111	382	178.639	139.985
et000.jpg	112	328	466.232	397.191
et004.jpg	112	478	393.33	389.301
et002.jpg	112	379	456.82	330.03
et003.jpg	112	224	473.122	436.667
et006.jpg	113	327	244.559	202.487
et007.jpg	113	128	296.509	265.118
et005.jpg	113	230	278.611	205.499
et008.jpg	113	197	423.574	128.965
et003.jpg	114	141	516.251	412.963
et004.jpg	114	299	447.661	391.022
et000.jpg	114	241	508.948	374.986
et002.jpg	114	380	491.474	337.221
et006.jpg	115	673	366.172	107.251
et008.jpg	115	445	295.893	238.841
et007.jpg	115	687	401.225	164.446
et005.jpg	115	584	377.328	111.864
et006.jpg	116	460	174.913	126.55
et007.jpg	116	475	234.372	191.644
et008.jpg	116	347	468.577	209.001
et005.jpg	116	457	212.695	115.448
et003.jpg	117	213	555.936	364.691
et000.jpg	117	321	548.265	328.799
et001.jpg	117	232	533.032	316.88
et004.jpg	117	409	503.272	372.319
et000.jpg	118	412	191.186	229.362
et004.jpg	118	399	264.286	257.355
et001.jpg	118	293	213.214	272.092
et002.jpg	118	359	232.468	260.882
et003.jpg	119	298	557.742	82.0564
et000.jpg	119	387	543.452	47.8153
et004.jpg	119	522	587.828	122.901
et001.jpg	119	365	541.09	53.8649
et004.jpg	120	453	602.869	155.119
et001.jpg	120	250	557.757	82.0008
et000.jpg	120	268	561.733	68.427
et003.jpg	120	156	575.086	101.251
et004.jpg	121	460	275.456	197.066
et003.jpg	121	247	195.573	182.307
et000.jpg	121	361	188.751	173.11
et001.jpg	121	282	207.153	222.862
et005.jpg	122	663	443.342	184.119
et006.jpg	122	740	440.82	169.471
et008.jpg	122	484	252.404	162.463
et007.jpg	122	762	466.616	227.669
et001.jpg	123	171	101.54	132.311
et002.jpg	123	253	131.033	12.1832
et000.jpg	123	98	77.7335	229.14
et003.jpg	123	43	102.056	262.177
et005.jpg	124	368	220.69	120.754
et006.jpg	124	295	181.993	130.635
et008.jpg	124	212	461.369	202.906
et007.jpg	124	350	241.628	195.794
et005.jpg	125	455	381.814	106.041
et006.jpg	125	562	370.193	101.092
et008.jpg	125	355	290.682	242.846
et007.jpg	125	567	405.143	159.096
et006.jpg	126	737	176.815	147.4
et005.jpg	126	683	211.837	137.562
et008.jpg	126	491	471.945	194.211
et007.jpg	126	759	235.472	210.205
et005.jpg	127	285	600.058	321.079
et007.jpg	127	188	628.328	351.92
et004.jpg	127	270	632.379	211.413
et006.jpg	127	371	629.797	297.363
et006.jpg	128	462	175.238	131.227
et008.jpg	128	280	467.351	204.157
et005.jpg	128	366	213.383	120.525
et007.jpg	128	348	235.478	195.972
et002.jpg	129	213	227.364	337.101
et004.jpg	129	318	58.1453	417.058
et001.jpg	129	152	233.028	427.676
et005.jpg	129	196	102.439	17.2028
et001.jpg	130	220	235.53	251.531
et003.jpg	130	185	222.521	217.857
et000.jpg	130	302	218.61	207.523
et002.jpg	130	351	256.124	245.128
et006.jpg	131	294	158.953	127.319
et005.jpg	131	456	194.425	113.591
et008.jpg	131	348	483.233	213.947
et007.jpg	131	474	219.419	191.033
et000.jpg	132	306	55.5456	242.872
et005.jpg	132	163	371.929	374.023
et002.jpg	132	409	110.316	35.9367
et003.jpg	132	195	78.4712	273.659
et002.jpg	133	565	251.824	199.581
et003.jpg	133	240	216.721	163.227
et001.jpg	133	343	224.1	203.984
et000.jpg	133	405	209.105	152.581
et005.jpg	134	648	355.738	329.582
et002.jpg	134	686	344.663	156.187
et004.jpg	134	559	355.488	161.728
et001.jpg	134	408	312.395	164.603
et005.jpg	135	551	277.484	196.715
et006.jpg	135	636	242.057	194.056
et008.jpg	135	330	423.231	135.731
et007.jpg	135	596	295.02	257.708
et003.jpg	136	205	66.1243	322.365
et000.jpg	136	314	47.3557	293.88
et002.jpg	136	428	103.564	96.104
et001.jpg	136	278	81.1248	208.601
et000.jpg	137	335	477.973	423.486
et001.jpg	137	241	473.128	375.83
et003.jpg	137	228	484.019	463.866
et004.jpg	137	424	399.765	416.861
et001.jpg	138	451	74.381	266.078
et000.jpg	138	498	33.1865	351.355
et003.jpg	138	427	47.3522	378.465
et002.jpg	138	684	91.6893	155.467
et006.jpg	139	377	555.147	322.071
et005.jpg	139	429	514.944	335.91
et002.jpg	139	366	585.926	272.403
et007.jpg	139	405	554.305	362.796
et006.jpg	140	270	504.961	463.416
et008.jpg	140	19	311.082	27.2539
et007.jpg	140	308	484.333	469.235
et005.jpg	141	400	507.305	226.171
et006.jpg	141	490	539.088	209.339
et007.jpg	141	503	545.966	257.295
et005.jpg	142	487	448.169	241.747
et007.jpg	142	602	473.912	280.714
et006.jpg	142	496	453.395	227.716
et002.jpg	143	91	313.259	174.059
et001.jpg	143	56	285.347	187.125
et000.jpg	143	187	275.14	170.246
et006.jpg	144	742	440.82	169.471
et005.jpg	144	664	443.342	184.119
et007.jpg	144	763	466.616	227.669
et000.jpg	145	311	81.5776	279.256
et001.jpg	145	271	111.031	183.914
et002.jpg	145	413	135.677	68.9936
et007.jpg	146	232	453.438	407.545
et005.jpg	146	316	376.478	395.289
et006.jpg	146	208	470.457	400.691
et002.jpg	147	318	316.961	173.285
et001.jpg	147	272	289.925	184.844
et003.jpg	147	179	290.262	187.557
et008.jpg	148	210	336.423	198.897
et007.jpg	148	352	373.009	207.892
et006.jpg	148	301	337.123	152.337
et003.jpg	149	132	591.383	349.961
et001.jpg	149	113	561.904	316.252
et000.jpg	149	113	583.47	315.076
et005.jpg	150	411	511.392	273.698
et006.jpg	150	514	547.064	258.381
et007.jpg	150	382	549.73	302.963
et008.jpg	151	433	263.98	159.078
et007.jpg	151	738	455.842	233.003
et006.jpg	151	715	427.741	176.18
et005.jpg	152	480	392.935	225.062
et006.jpg	152	580	395.83	215.991
et007.jpg	152	597	421.554	266.407
et007.jpg	153	377	448.676	286.679
et005.jpg	153	70	421.453	247.724
et006.jpg	153	115	426.893	236.137
et000.jpg	154	538	461.374	171.766
et007.jpg	154	568	521.113	178.316
et003.jpg	154	505	468.328	203.776
et008.jpg	155	23	313.632	32.0623
et007.jpg	155	304	480.81	465.486
et006.jpg	155	427	500.803	459.499
et000.jpg	156	264	464.48	42.3189
et002.jpg	156	408	525.844	20.4689
et001.jpg	156	248	469.292	22.1459
et004.jpg	157	491	596.048	124.279
et002.jpg	157	419	595.29	81.1304
et000.jpg	157	340	548.687	43.8363
et005.jpg	158	381	196.498	167.517
et007.jpg	158	362	224.329	236.663
et006.jpg	158	315	166.921	176.032
et000.jpg	159	240	496.809	352.517
et002.jpg	159	198	487.296	313.659
et001.jpg	159	118	490.452	321.264
et001.jpg	160	419	302.314	213.827
et000.jpg	160	489	294.443	196.235
et002.jpg	160	639	324.322	204.348
et004.jpg	161	94	598.679	139.836
et008.jpg	161	52	94.1691	73.9474
et005.jpg	161	65	636.339	237.701
et001.jpg	162	100	229.57	257.008
et003.jpg	162	116	214.908	221.962
et000.jpg	162	204	211.033	212.954
et008.jpg	163	146	215.687	280.659
et003.jpg	163	25	366.885	157.587
et005.jpg	163	2	444.988	59.1297
et001.jpg	164	442	371.313	162.655
et004.jpg	164	560	412.686	178.107
et002.jpg	164	687	402.658	161.381
et000.jpg	165	313	47.3557	293.88
et003.jpg	165	204	66.1243	322.365
et001.jpg	165	277	81.1248	208.601
et007.jpg	166	569	400.796	187.501
et005.jpg	166	463	376.178	136.199
et008.jpg	166	349	303.636	215.989
et007.jpg	167	432	465.275	434.935
et005.jpg	167	326	389.225	422.888
et006.jpg	167	411	483.843	428.463
et006.jpg	168	422	515.001	446.609
et008.jpg	168	26	297.536	35.0025
et007.jpg	168	292	495.357	455.29
et004.jpg	169	621	52.9302	230.965
et003.jpg	169	496	180.477	392.549
et000.jpg	169	549	168.001	358.579
et006.jpg	170	321	192.066	183.902
et007.jpg	170	367	247.996	244.602
et005.jpg	170	224	223.305	179.308
et002.jpg	171	56	606.528	132.879
et000.jpg	171	22	573.151	73.7732
et001.jpg	171	13	566.616	92.3691
et004.jpg	172	412	326.093	380.851
et003.jpg	172	226	418.648	456.218
et000.jpg	172	331	411.832	416.048
et005.jpg	173	631	383.198	124.057
et007.jpg	173	734	407.182	175.279
et006.jpg	173	710	373.373	118.133
et005.jpg	174	357	521.088	94.1541
et008.jpg	174	350	157.525	222.7
et007.jpg	174	564	538.179	139.99
et004.jpg	175	472	53.4168	230.242
et000.jpg	175	378	168.012	357.729
et003.jpg	175	289	180.127	391.596
et001.jpg	176	356	276.259	285.262
et000.jpg	176	425	252.874	360.944
et003.jpg	176	390	263.091	398.147
et005.jpg	177	461	248.592	127.51
et008.jpg	177	406	437.397	194.796
et007.jpg	177	575	265.593	199.583
et006.jpg	178	582	485.997	223.243
et005.jpg	178	605	479.017	242
et007.jpg	178	709	502.235	280.35
et002.jpg	179	485	558.039	273.379
et001.jpg	179	289	551.736	248.134
et003.jpg	179	118	576.217	276.642
et003.jpg	180	229	88.6591	474.411
et002.jpg	180	94	125.89	180.63
et000.jpg	180	252	81.7183	445.536
et002.jpg	181	546	604.873	151.945
et005.jpg	181	566	605.646	283.803
et001.jpg	181	318	568.941	111.088
et000.jpg	182	232	195.963	345.69
et004.jpg	182	395	85.9334	223.625
et003.jpg	182	217	209.241	380.97
et001.jpg	183	228	531.191	301.789
et004.jpg	183	406	504.475	357.706
et000.jpg	183	317	544.971	312.759
et004.jpg	184	350	504.966	61.8763
et000.jpg	184	169	466.316	37.1629
et008.jpg	184	290	32.8952	226.136
et004.jpg	185	571	27.6457	422.119
et001.jpg	185	433	210.475	436.505
et002.jpg	185	711	204.929	341.413
et002.jpg	186	170	579.761	257.34
et004.jpg	186	280	577.038	292.704
et001.jpg	186	87	569.12	224.369
et006.jpg	187	393	462.257	377.736
et007.jpg	187	418	446.513	385.148
et005.jpg	187	308	369.11	372.439
et006.jpg	188	696	581.538	368.235
et005.jpg	188	625	540.455	382.028
et007.jpg	188	716	577.217	408.182
et002.jpg	189	517	604.965	78.7963
et001.jpg	189	305	553.464	43.6331
et008.jpg	189	381	72.2764	69.2949
et003.jpg	190	495	180.477	392.549
et000.jpg	190	548	168.001	358.579
et004.jpg	190	622	52.9302	230.965
et008.jpg	191	377	346.222	48.8828
et006.jpg	191	664	465.539	462.404
et007.jpg	191	676	444.728	464.408
et003.jpg	192	294	481.188	454.611
et000.jpg	192	382	474.738	414.82
et004.jpg	192	479	398.591	408.044
et000.jpg	193	229	517.222	333.838
et004.jpg	193	287	467.556	360.56
et001.jpg	193	110	507.367	311.22
et008.jpg	194	55	96.8056	74.6707
et005.jpg	194	245	633.142	238.647
et004.jpg	194	95	597.389	142.664
et008.jpg	195	31	335.2	44.8293
et005.jpg	195	334	378.833	452.093
et006.jpg	195	259	476.912	459.022
et007.jpg	196	834	263.658	198.669
et005.jpg	196	721	240.438	124.928
et006.jpg	196	803	218.83	143.643
et000.jpg	197	504	385.758	82.3499
et003.jpg	197	436	401.47	111.388
et007.jpg	197	71	411.934	203.719
et002.jpg	198	48	604.172	116.749
et001.jpg	198	10	560.735	78.4743
et005.jpg	198	252	631.218	256.923
et008.jpg	199	42	119.967	59.1223
et004.jpg	199	114	604.497	172.185
et005.jpg	199	258	614.238	267.824
et008.jpg	200	378	346.222	48.8828
et006.jpg	200	663	465.539	462.404
et007.jpg	200	675	444.728	464.408
et006.jpg	201	689	460.572	224.752
et007.jpg	201	708	480.516	278.761
et008.jpg	201	463	254.921	116.222
et004.jpg	202	348	512.633	60.9226
et003.jpg	202	92	488.577	68.7205
et001.jpg	202	158	475.069	13.9911
et005.jpg	203	311	362.778	376.883
et006.jpg	203	198	457.261	383.166
et007.jpg	203	221	440.986	389.387
et007.jpg	204	467	538.675	147.6
et006.jpg	204	559	510.899	76.7431
et008.jpg	204	285	159.334	212.424
et006.jpg	205	679	419.265	170.352
et007.jpg	205	698	447.32	227.379
et005.jpg	205	594	423.248	182.619
et000.jpg	206	503	385.758	82.3499
et001.jpg	206	461	387.863	85.2111
et003.jpg	206	435	401.47	111.388
et006.jpg	207	374	622.072	310.948
et005.jpg	207	292	590.159	332.607
et007.jpg	207	196	620.007	362.964
et007.jpg	208	665	618.539	353.252
et002.jpg	208	637	615.618	189.817
et006.jpg	208	653	619.888	299.713
et007.jpg	209	553	420.043	100.692
et008.jpg	209	415	258.968	305.588
et006.jpg	209	554	386.529	44.1304
et006.jpg	210	207	470.457	400.691
et005.jpg	210	315	376.478	395.289
et007.jpg	210	231	453.438	407.545
et008.jpg	211	321	223.445	71.7484
et000.jpg	211	308	561.998	243.819
et003.jpg	211	267	572.182	275.615
et008.jpg	212	98	482.444	169.81
et006.jpg	212	68	170.019	165.437
et007.jpg	212	98	228.553	227.123
et003.jpg	213	41	67.5397	222.324
et001.jpg	213	16	62.057	99.0237
et000.jpg	213	86	40.5311	190.596
et007.jpg	214	469	506.56	164.665
et008.jpg	214	211	194.428	200.036
et006.jpg	214	456	475.832	95.2444
et008.jpg	215	312	116.947	44.5848
et004.jpg	215	456	618.382	171.188
et005.jpg	215	498	622.529	281.201
et003.jpg	216	419	90.3869	229.813
et000.jpg	216	491	64.0984	197.129
et001.jpg	216	437	85.4363	102.53
et003.jpg	217	274	252.456	314.916
et004.jpg	217	446	116.192	133.48
et002.jpg	217	611	281.804	73.9488
et007.jpg	218	254	475.128	419.387
et005.jpg	218	318	401.039	406.329
et006.jpg	218	403	493.051	410.405
et006.jpg	219	684	317.526	184.462
et005.jpg	219	595	323.389	185.277
et007.jpg	219	647	352.174	235.927
et007.jpg	220	515	244.693	312.111
et006.jpg	220	517	199.85	263.305
et005.jpg	220	410	207.836	262.452
et006.jpg	221	753	343.611	400.044
et001.jpg	221	397	631.739	40.7737
et000.jpg	221	389	630.218	49.4413
et004.jpg	222	307	60.6093	400.194
et007.jpg	222	27	188.56	50.0005
et001.jpg	222	150	230.952	413.168
et006.jpg	223	138	633.251	266.75
et004.jpg	223	128	616.375	191.393
et007.jpg	223	170	633.518	324.988
et005.jpg	224	591	348.117	161.634
et006.jpg	224	676	337.232	158.064
et007.jpg	224	695	373.263	213.527
et000.jpg	225	130	433.731	412.286
et003.jpg	225	76	439.89	451.828
et004.jpg	225	297	351.981	387.166
et002.jpg	226	397	268.62	452.283
et005.jpg	226	219	120.577	174.752
et008.jpg	226	237	511.782	354.131
et002.jpg	227	362	562.918	263.188
et000.jpg	227	371	568.688	227.405
et001.jpg	227	286	554.222	235.667
et006.jpg	228	572	305.638	163.132
et005.jpg	228	468	315.991	163.259
et007.jpg	228	580	343.026	216.591
et000.jpg	229	409	293.964	209.03
et001.jpg	229	391	304.276	223.856
et002.jpg	229	644	326.648	211.876
et003.jpg	230	221	222.237	382.448
et004.jpg	230	397	98.9019	226.869
et000.jpg	230	235	208.27	346.179
et006.jpg	231	804	154.548	251.969
et000.jpg	231	561	118.845	138.264
et001.jpg	231	520	142.971	177.407
et005.jpg	232	32	321.348	166.3
et006.jpg	232	69	311.934	165.563
et007.jpg	232	90	348.534	219.505
et002.jpg	233	693	256.159	204.778
et001.jpg	233	415	229.657	209.498
et003.jpg	233	410	222.149	171.511
et008.jpg	234	263	426.338	150.988
et005.jpg	234	387	270.023	178.949
et007.jpg	234	498	288.2	243.192
et006.jpg	235	769	421.343	233.011
et005.jpg	235	686	415.44	244.147
et007.jpg	235	796	444.619	283.213
et004.jpg	236	544	126.058	224.75
et003.jpg	236	342	247.051	377.176
et000.jpg	236	422	233.617	339.781
et002.jpg	237	90	313.259	174.059
et000.jpg	237	186	275.14	170.246
et001.jpg	237	55	285.347	187.125
et001.jpg	238	420	302.314	213.827
et002.jpg	238	640	324.322	204.348
et000.jpg	238	490	294.443	196.235
et005.jpg	239	552	424.488	232.451
et007.jpg	239	707	453.041	271.736
et006.jpg	239	688	431.675	220.498
et005.jpg	240	262	621.67	272.264
et008.jpg	240	36	115.408	51.7546
et004.jpg	240	258	611.728	167.808
et001.jpg	241	363	313.397	474.375
et008.jpg	241	420	466.036	350.88
et002.jpg	241	593	297.04	402.745
et001.jpg	242	99	209.869	249.564
et002.jpg	242	149	231.981	240.43
et000.jpg	242	198	189.385	202.437
et005.jpg	243	488	464.505	244.243
et007.jpg	243	603	488.875	283.068
et006.jpg	243	585	470.081	228.173
et004.jpg	244	384	307.874	183.31
et005.jpg	244	547	304.051	171.219
et000.jpg	244	286	214.745	153.466
et006.jpg	245	357	635.893	276.728
et002.jpg	245	84	615.266	162.18
et001.jpg	245	22	580.827	116.701
et007.jpg	246	361	314.897	235.669
et006.jpg	246	313	264.676	172.176
et008.jpg	246	203	398.136	157.021
et001.jpg	247	49	305.48	166.439
et004.jpg	247	375	346.962	161.898
et002.jpg	247	553	335.101	156.953
et002.jpg	248	707	216.908	323.43
et004.jpg	248	568	47.4451	399.36
et001.jpg	248	430	220.386	414.569
et001.jpg	249	297	501.73	335.961
et000.jpg	249	381	511.587	364.34
et002.jpg	249	487	494.541	330.96
et003.jpg	250	182	187.216	204.588
et005.jpg	250	465	217.21	143.46
et000.jpg	250	301	182.591	196.945
et002.jpg	251	762	517.354	313.061
et001.jpg	251	475	519.778	306.685
et004.jpg	251	610	487.665	360.282
et001.jpg	252	132	474.107	370.014
et002.jpg	252	222	462.476	351.231
et004.jpg	252	313	403.21	411.112
et006.jpg	253	622	517.814	77.7944
et005.jpg	253	454	527.977	103.201
et007.jpg	253	636	545.054	148.639
et005.jpg	254	669	403.056	240.299
et007.jpg	254	744	432.344	279.696
et006.jpg	254	722	409.144	230.358
et005.jpg	255	347	442.07	61.9343
et006.jpg	255	448	432.942	50.3069
et007.jpg	255	332	464.886	111.467
et007.jpg	256	307	514.795	467.757
et006.jpg	256	258	535.462	457.939
et005.jpg	256	338	444.143	454.83
et002.jpg	257	327	622.187	196.581
et001.jpg	257	176	595.304	146.128
et003.jpg	257	104	620.039	147.75
et001.jpg	258	284	206.717	227.324
et008.jpg	258	337	478.996	171.072
et002.jpg	258	468	231.757	218.926
et006.jpg	259	254	509.072	451.179
et008.jpg	259	25	304.105	34.4318
et005.jpg	259	188	415.461	446.532
et002.jpg	260	710	210.919	332.497
et001.jpg	260	432	215.514	425.625
et004.jpg	260	570	37.4426	411.106
et006.jpg	261	556	526.907	67.3641
et007.jpg	261	562	552.065	136.578
et005.jpg	261	354	532.695	92.6657
et007.jpg	262	411	550.632	373.126
et005.jpg	262	299	510.682	346.714
et006.jpg	262	381	552.162	333.776
et008.jpg	263	281	479.757	204.156
et005.jpg	263	460	200.567	122.711
et006.jpg	263	464	165.772	133.645
et005.jpg	264	661	217.386	178.256
et006.jpg	264	743	187.055	183.207
et007.jpg	264	741	242.268	243.668
et001.jpg	265	357	562.327	286.194
et003.jpg	265	326	589.86	313.89
et000.jpg	265	462	580.95	280.436
et007.jpg	266	258	438.961	425.614
et006.jpg	266	408	457.489	421.967
et005.jpg	266	322	359.505	414.631
et005.jpg	267	312	366.62	377.381
et007.jpg	267	223	444.166	390.201
et006.jpg	267	395	461.055	383.513
et004.jpg	268	458	267.879	183.966
et003.jpg	268	243	185.43	172.505
et000.jpg	268	358	178.207	163.752
et005.jpg	269	310	362.778	376.883
et006.jpg	269	199	457.261	383.166
et007.jpg	269	220	440.986	389.387
et005.jpg	270	31	314.09	166.58
et007.jpg	270	91	341.428	220.074
et006.jpg	270	72	303.048	166.393
et001.jpg	271	35	592.35	141.836
et004.jpg	271	147	631.579	222.281
et002.jpg	271	99	620.32	191.302
et004.jpg	272	420	520.794	402.699
et006.jpg	272	380	480.178	331.743
et005.jpg	272	430	428.997	337.633
et007.jpg	273	646	329.657	230.659
et008.jpg	273	404	386.008	192.577
et006.jpg	273	634	293.24	181.09
et003.jpg	274	401	595.658	91.6294
et000.jpg	274	476	583.419	59.2803
et002.jpg	274	681	618.405	127.16
et001.jpg	275	121	511.963	324.217
et000.jpg	275	236	523.325	346.582
et004.jpg	275	289	471.065	374.714
et003.jpg	276	284	230.432	376.506
et004.jpg	276	469	108.969	222.092
et000.jpg	276	324	216.738	340.231
et007.jpg	277	123	235.085	254.515
et005.jpg	277	228	207.266	190.352
et008.jpg	277	93	483.246	153.398
et001.jpg	278	123	150.709	325.573
et000.jpg	278	134	110.22	417.217
et003.jpg	278	75	119.157	448.625
et001.jpg	279	347	556.911	228.938
et004.jpg	279	283	560.62	295.146
et002.jpg	279	481	566.988	258.281
et001.jpg	280	1	472.052	24.2439
et004.jpg	280	230	504.774	69.1914
et002.jpg	280	12	528.254	23.5074
et006.jpg	281	641	438.254	234.923
et007.jpg	281	651	460.03	285.176
et005.jpg	281	643	434.453	245.292
et005.jpg	282	247	630.938	245.163
et004.jpg	282	99	599.683	147.725
et008.jpg	282	51	100.451	69.8749
et001.jpg	283	187	170.631	156.558
et002.jpg	283	298	204.858	140.629
et004.jpg	283	240	235.572	103.52
et003.jpg	284	101	606.527	126.373
et001.jpg	284	24	584.447	120.196
et004.jpg	284	263	627.302	199.769
et007.jpg	285	648	352.174	235.927
et005.jpg	285	596	323.389	185.277
et006.jpg	285	685	317.526	184.462
et000.jpg	286	258	445.234	457.494
et002.jpg	286	233	432.062	364.049
et004.jpg	286	329	353.671	431.143
et000.jpg	287	408	293.964	209.03
et003.jpg	287	316	300.348	229.393
et001.jpg	287	390	304.276	223.856
et006.jpg	288	169	553.677	326.29
et005.jpg	288	142	513.048	339.847
et007.jpg	288	199	552.78	366.42
et007.jpg	289	3	49.686	9.7441
et000.jpg	289	444	608.315	111.808
et003.jpg	289	371	619.135	142.773
et006.jpg	290	425	513.725	455.998
et008.jpg	290	20	301.336	28.2641
et007.jpg	290	302	493.333	463.72
et000.jpg	291	456	385.026	183.759
et003.jpg	291	415	389.082	206.967
et007.jpg	291	10	80.2522	18.2716
et005.jpg	292	135	592.279	327.311
et006.jpg	292	372	623.568	304.98
et007.jpg	292	191	621.88	357.952
et002.jpg	293	192	505.921	308.467
et004.jpg	293	286	469.521	357.385
et000.jpg	293	114	518.07	329.856
et006.jpg	294	767	307.215	202.511
et007.jpg	294	765	341.576	251.285
et008.jpg	294	486	380.037	169.991
et007.jpg	295	521	562.78	340.923
et006.jpg	295	524	562.002	297.027
et005.jpg	295	420	524.972	313.011
et004.jpg	296	500	429.689	177.071
et002.jpg	296	629	417.231	158.946
et001.jpg	296	407	386.91	157.999
et006.jpg	297	37	169.624	129.261
et007.jpg	297	63	230.505	193.435
et005.jpg	297	202	207.419	117.299
et002.jpg	298	448	527.085	155.588
et000.jpg	298	185	498.178	169.74
et001.jpg	298	262	496.967	146.961
et007.jpg	299	481	407.424	208.171
et006.jpg	299	471	372.858	150.678
et005.jpg	299	378	386.706	157.08
et005.jpg	300	181	386.982	434.367
et007.jpg	300	284	463.637	445.782
et006.jpg	300	243	483.023	440.282
et005.jpg	301	273	606.081	308.947
et007.jpg	301	399	633.579	340.748
et006.jpg	301	520	634.129	283.779
et001.jpg	302	219	205.773	250.878
et000.jpg	302	201	184.407	203.838
et002.jpg	302	150	228.417	240.869
et005.jpg	303	544	262.832	167.486
et006.jpg	303	631	228.403	168.591
et007.jpg	303	590	282.051	232.813
et004.jpg	304	450	608.578	136.444
et000.jpg	304	342	561.621	47.9826
et008.jpg	304	318	89.902	62.9214
et007.jpg	305	790	240.71	226.502
et006.jpg	305	762	182.978	163.826
et005.jpg	305	698	217.069	156.699
et001.jpg	306	73	335.636	208.425
et007.jpg	306	117	374.917	244.299
et005.jpg	306	229	389.771	198.448
et007.jpg	307	561	552.065	136.578
et005.jpg	307	353	532.695	92.6657
et006.jpg	307	555	526.907	67.3641
et001.jpg	308	131	474.107	370.014
et002.jpg	308	221	462.476	351.231
et004.jpg	308	312	403.21	411.112
et002.jpg	309	474	235.3	233.077
et000.jpg	309	300	192.227	193.588
et001.jpg	309	288	211.648	241.719
et001.jpg	310	299	476.218	372.637
et003.jpg	310	227	487.927	458.355
et000.jpg	310	334	482.299	417.484
et003.jpg	311	292	511.153	398.597
et000.jpg	311	380	503.653	360.192
et004.jpg	311	513	445.276	376.288
et003.jpg	312	72	475.355	443.573
et000.jpg	312	125	469.01	404.168
et004.jpg	312	177	394.59	396.427
et005.jpg	313	559	420.945	260.514
et006.jpg	313	591	427.115	248.341
et007.jpg	313	607	448.656	298.312
et002.jpg	314	344	238.204	221.666
et000.jpg	314	194	195.092	181.085
et001.jpg	314	94	213.13	229.349
et007.jpg	315	696	472.059	217.469
et005.jpg	315	548	448.94	173.562
et006.jpg	315	627	445.231	159.087
et007.jpg	316	582	230.597	219.269
et005.jpg	316	538	206.231	147.186
et006.jpg	316	571	169.059	161.288
et001.jpg	317	452	235.719	265.869
et003.jpg	317	446	219.929	236.353
et000.jpg	317	510	217.196	225.864
et006.jpg	318	206	470.457	400.691
et007.jpg	318	230	453.438	407.545
et005.jpg	318	314	376.478	395.289
et006.jpg	319	156	625.338	300.289
et007.jpg	319	189	624.036	353.952
et005.jpg	319	130	594.956	323.328
et008.jpg	320	168	299.73	37.6919
et007.jpg	320	542	492.672	453.829
et005.jpg	320	440	420.26	441.632
et007.jpg	321	374	508.074	270.285
et006.jpg	321	332	489.932	214.595
et005.jpg	321	401	483.909	230.403
et000.jpg	322	559	215.627	191.989
et002.jpg	322	822	254.404	231.785
et001.jpg	322	518	231.607	238.532
et008.jpg	323	48	103.388	66.9949
et004.jpg	323	254	601.35	151.451
et005.jpg	323	250	628.853	250.07
et004.jpg	324	443	238.416	97.5605
et001.jpg	324	264	169.103	151.243
et002.jpg	324	292	203.778	133.269
et001.jpg	325	321	51.5371	118.343
et000.jpg	325	369	26.8611	212.139
et003.jpg	325	190	52.8658	243.077
et008.jpg	326	24	133.5	32.9065
et004.jpg	326	132	624.466	194.433
et005.jpg	326	123	608.928	302.62
et005.jpg	327	77	630.256	253.182
et004.jpg	327	101	604.658	151.662
et008.jpg	327	45	103.328	63.7002
et007.jpg	328	600	438.018	274.06
et005.jpg	328	553	409.397	234.453
et006.jpg	328	584	415.027	224.858
et006.jpg	329	166	621.926	314.578
et007.jpg	329	198	619.513	366.174
et005.jpg	329	294	590.162	336.494
et001.jpg	330	446	292.348	219.054
et003.jpg	330	417	289.487	218.533
et000.jpg	330	493	282.52	199.117
et001.jpg	331	149	230.952	413.168
et004.jpg	331	306	60.6093	400.194
et007.jpg	331	26	188.56	50.0005
et005.jpg	332	248	427.776	249.724
et007.jpg	332	147	455.231	288.741
et006.jpg	332	116	433.891	237.77
et007.jpg	333	365	241.288	239.995
et005.jpg	333	385	217.121	173.092
et006.jpg	333	483	184.82	178.378
et005.jpg	334	536	228.857	118.921
et007.jpg	334	573	248.746	193.557
et006.jpg	334	565	188.844	127.866
et007.jpg	335	526	623.45	365.183
et006.jpg	335	527	625.356	312.564
et008.jpg	335	163	153.838	13.3832
et000.jpg	336	336	430.931	442.917
et002.jpg	336	386	423.383	345.772
et001.jpg	336	242	433.644	380.819
et006.jpg	337	353	189.247	260.991
et007.jpg	337	160	231.774	311.849
et005.jpg	337	409	193.521	261.964
et002.jpg	338	330	256.602	200.829
et001.jpg	338	196	229.077	203.994
et003.jpg	338	108	221.203	167.882
et004.jpg	339	382	611.612	180.809
et005.jpg	339	414	611.685	281.009
et008.jpg	339	170	125.595	49.5861
et005.jpg	340	555	458.103	247.648
et007.jpg	340	605	481.615	286.578
et006.jpg	340	587	460.316	232.7
et004.jpg	341	396	56.4207	224.557
et003.jpg	341	140	181.964	385.407
et000.jpg	341	326	169.553	351.921
et006.jpg	342	117	433.891	237.77
et005.jpg	342	249	427.776	249.724
et007.jpg	342	148	455.231	288.741
et000.jpg	343	124	469.01	404.168
et003.jpg	343	71	475.355	443.573
et004.jpg	343	176	394.59	396.427
et006.jpg	344	382	552.162	333.776
et005.jpg	344	300	510.682	346.714
et007.jpg	344	412	550.632	373.126
et005.jpg	345	391	275.321	190.468
et007.jpg	345	502	292.948	252.455
et006.jpg	345	486	239.843	189.218
et004.jpg	346	499	140.472	174.441
et002.jpg	346	616	300.55	112.572
et003.jpg	346	335	273.228	342.425
et006.jpg	347	67	326.426	165.138
et005.jpg	347	36	337.921	167.869
et007.jpg	347	92	363.231	220.023
et007.jpg	348	622	378.289	376.135
et006.jpg	348	607	394.391	375.316
et005.jpg	348	624	292.585	364.037
et007.jpg	349	145	296.269	286.272
et005.jpg	349	240	276.105	230.333
et006.jpg	349	337	246.427	226.492
et003.jpg	350	433	473.485	63.2874
et004.jpg	350	594	494.332	45.7595
et000.jpg	350	501	455.448	26.67
et002.jpg	351	549	75.2339	154.023
et003.jpg	351	343	30.0897	379.624
et001.jpg	351	354	57.9264	267.966
et006.jpg	352	680	230.793	175.423
et005.jpg	352	593	264.541	174.403
et007.jpg	352	700	283.883	238.547
et005.jpg	353	407	420.194	254.945
et007.jpg	353	510	448.604	293.656
et006.jpg	353	504	427.54	243.866
et000.jpg	354	464	40.5925	297.161
et002.jpg	354	672	97.2669	98.7022
et001.jpg	354	418	75.1323	212.204
et002.jpg	355	262	285.739	48.744
et001.jpg	355	175	255.067	146.099
et004.jpg	355	361	122.409	108.279
et003.jpg	356	420	90.3869	229.813
et000.jpg	356	492	64.0984	197.129
et001.jpg	356	438	85.4363	102.53
et008.jpg	357	520	281.768	263.13
et005.jpg	357	654	383.668	88.1912
et007.jpg	357	783	409.668	141.222
et007.jpg	358	635	545.054	148.639
et005.jpg	358	453	527.977	103.201
et006.jpg	358	621	517.814	77.7944
et007.jpg	359	509	454.12	293.019
et006.jpg	359	500	433.188	241.941
et005.jpg	359	491	426.488	254.885
et006.jpg	360	577	229.728	181.282
et005.jpg	360	549	264.686	181.365
et007.jpg	360	592	283.484	244.917
et006.jpg	361	746	479.571	214.217
et005.jpg	361	668	472.827	231.507
et007.jpg	361	767	497.635	270.228
et007.jpg	362	731	533.017	150.606
et008.jpg	362	473	164.952	211.405
et006.jpg	362	703	505.436	81.6502
et006.jpg	363	430	528.717	465.549
et008.jpg	363	4	291	13.6669
et007.jpg	363	316	507.618	474.069
et003.jpg	364	265	574.823	270.487
et002.jpg	364	484	559.664	267.295
et001.jpg	364	350	551.276	242.559
et007.jpg	365	315	507.618	474.069
et006.jpg	365	429	528.717	465.549
et008.jpg	365	5	291	13.6669
et004.jpg	366	532	113.236	170.946
et000.jpg	366	420	228.125	304.137
et003.jpg	366	334	245.307	343.352
et007.jpg	367	435	422.151	440.346
et008.jpg	367	180	361.813	79.1343
et006.jpg	367	419	441.794	439.253
et003.jpg	368	308	250.743	174.517
et002.jpg	368	113	280.972	202.729
et000.jpg	368	357	241.732	161.928
et001.jpg	369	107	569.599	301.807
et000.jpg	369	107	592.03	295.256
et002.jpg	369	209	563.687	328.571
et006.jpg	370	734	558.531	112.736
et005.jpg	370	632	543.608	139.026
et007.jpg	370	787	571.737	168.307
et003.jpg	371	418	269.642	221.891
et000.jpg	371	494	263.055	204.631
et002.jpg	371	695	298.416	217.926
et002.jpg	372	31	590.212	86.1638
et001.jpg	372	5	541.148	56.8228
et000.jpg	372	13	542.87	50.2092
et002.jpg	373	232	432.062	364.049
et000.jpg	373	257	445.234	457.494
et004.jpg	373	328	353.671	431.143
et003.jpg	374	377	174.896	193.138
et001.jpg	374	421	190.334	234.393
et000.jpg	374	486	168.332	185.992
et004.jpg	375	300	447.661	391.022
et000.jpg	375	242	508.948	374.986
et003.jpg	375	142	516.251	412.963
et006.jpg	376	414	511.358	429.633
et005.jpg	376	328	420.003	426.202
et007.jpg	376	434	492.546	439.107
et000.jpg	377	329	474.89	403.523
et001.jpg	377	240	470.988	358.887
et002.jpg	377	383	461.729	339.867
et004.jpg	378	115	604.497	172.185
et008.jpg	378	41	119.967	59.1223
et005.jpg	378	259	614.238	267.824
et003.jpg	379	173	317.142	169.612
et000.jpg	379	355	306.873	147.952
et005.jpg	380	109	615.833	280.016
et004.jpg	380	122	613.38	176.593
et007.jpg	381	750	504.585	382.888
et005.jpg	381	678	457.913	359.097
et007.jpg	382	70	268.923	203.455
et008.jpg	382	106	435.073	189.536
et006.jpg	383	481	363.283	170.254
et007.jpg	383	360	396.48	224.967
et001.jpg	384	353	227.84	264.581
et002.jpg	384	480	246.234	256.476
et007.jpg	385	144	296.269	286.272
et006.jpg	385	336	246.427	226.492
et006.jpg	386	370	530.866	295.526
et007.jpg	386	180	531.865	335.657
et006.jpg	387	733	475.347	84.3203
et007.jpg	387	756	504.876	151.412
et007.jpg	388	391	634.098	327.893
et006.jpg	388	355	633.846	269.581
et007.jpg	389	505	402.664	262.296
et006.jpg	389	492	375.564	212.363
et007.jpg	390	345	405.179	189.005
et008.jpg	390	217	299.856	214.237
et006.jpg	391	543	520.884	441.857
et007.jpg	391	540	501.508	451.557
et001.jpg	392	204	436.883	211.326
et003.jpg	392	180	451.597	195.55
et000.jpg	393	72	165.48	177.662
et003.jpg	393	33	171.936	185.782
et002.jpg	394	285	194.399	125.236
et001.jpg	394	37	158.61	144.954
et007.jpg	395	780	352.941	119.053
et006.jpg	395	755	317.993	66.3395
et000.jpg	396	434	582.793	86.7404
et003.jpg	396	366	595.082	118.988
et000.jpg	397	217	607.953	245.623
et001.jpg	397	223	586.164	263.246
et005.jpg	398	560	420.945	260.514
et007.jpg	398	608	448.656	298.312
et003.jpg	399	413	204.727	188.933
et000.jpg	399	508	199.771	180.659
et007.jpg	400	433	492.546	439.107
et006.jpg	400	413	511.358	429.633
et001.jpg	401	156	213.522	443.192
et004.jpg	401	429	28.4407	431.389
et005.jpg	402	204	394.494	121.661
et008.jpg	402	221	283.255	227.695
et002.jpg	403	818	297.686	147.173
et001.jpg	403	516	269.382	159.793
et002.jpg	404	206	176.248	325.607
et007.jpg	404	15	130.005	26.542
et008.jpg	405	199	285.679	131.42
et007.jpg	405	135	447.064	273.986
et003.jpg	406	373	611.664	147.746
et006.jpg	406	656	618.326	305.564
et001.jpg	407	371	574.799	108.218
et002.jpg	407	547	611.322	151.357
et006.jpg	408	343	247.84	244.406
et007.jpg	408	156	294.627	300.946
et001.jpg	409	28	590.69	130.551
et002.jpg	409	92	621.042	180.103
et001.jpg	410	300	450.504	436.659
et002.jpg	410	391	429.74	400.607
et003.jpg	411	484	290.587	243.65
et000.jpg	411	539	285.336	223.945
et001.jpg	412	209	216.544	222.041
et000.jpg	412	188	198.995	173.656
et006.jpg	413	809	189.872	203.627
et007.jpg	413	839	247.063	261.538
et006.jpg	414	356	553.606	272.838
et007.jpg	414	165	556.536	318.527
et002.jpg	415	205	176.248	325.607
et007.jpg	415	14	130.005	26.542
et004.jpg	416	291	559.523	378.518
et000.jpg	416	316	594.515	306.788
et000.jpg	417	466	25.4743	344.864
et001.jpg	417	424	66.8914	259.849
et001.jpg	418	247	217.478	433.295
et004.jpg	418	426	36.8475	420.452
et005.jpg	419	183	451.395	437.013
et000.jpg	419	450	417.717	141.702
et008.jpg	420	306	301.12	13.9268
et006.jpg	420	616	519.05	471.674
et001.jpg	421	283	211.187	225.925
et003.jpg	421	178	199.621	187.135
et006.jpg	422	228	439.127	426.802
et007.jpg	422	261	419.935	427.976
et001.jpg	423	83	571.771	217.471
et000.jpg	423	199	586.959	202.479
et000.jpg	424	162	438.026	464.725
et004.jpg	424	200	343.524	433.687
et001.jpg	425	488	261.804	236.604
et003.jpg	425	483	251.764	225
et007.jpg	426	397	564.976	334.897
et006.jpg	426	365	563.885	289.659
et007.jpg	427	745	466.808	293.455
et006.jpg	427	690	445.316	239.458
et001.jpg	428	80	245.92	216.935
et000.jpg	428	293	232.682	173.247
et008.jpg	429	169	122.06	44.7924
et005.jpg	429	267	617.027	283.526
et005.jpg	430	389	99.5863	183.795
et008.jpg	430	299	532.131	355.457
et002.jpg	431	458	259.239	186.175
et001.jpg	431	274	229.645	188.062
et004.jpg	432	639	473.769	317.902
et001.jpg	432	512	478.054	269.096
et007.jpg	433	485	276.826	213.783
et006.jpg	433	469	220.321	147.98
et007.jpg	434	577	235.138	216.281
et006.jpg	434	570	177.126	152.743
et005.jpg	435	464	385.723	135.563
et006.jpg	435	567	377.147	129.266
et004.jpg	436	117	109.139	172.349
et002.jpg	436	46	271.642	114.573
et007.jpg	437	774	522.992	309.538
et006.jpg	437	749	509.012	250.841
et003.jpg	438	490	572.469	342.972
et000.jpg	438	541	565.104	308.388
et007.jpg	439	480	265.089	204.544
et006.jpg	439	466	207.109	138.494
et007.jpg	440	795	382.87	282.488
et005.jpg	440	702	350.124	242.171
et006.jpg	441	458	199.701	103.365
et005.jpg	441	355	239.648	92.7908
et001.jpg	442	231	533.032	316.88
et004.jpg	442	408	503.272	372.319
et001.jpg	443	404	164.382	146.01
et000.jpg	443	443	146.455	104.211
et005.jpg	444	72	632.437	248.026
et008.jpg	444	46	100.198	66.9578
et003.jpg	445	322	109.085	271.887
et002.jpg	445	601	140.801	24.2349
et001.jpg	446	130	447.835	364.703
et000.jpg	446	245	447.505	419.366
et003.jpg	447	497	287.413	393.586
et000.jpg	447	547	273.956	354.635
et003.jpg	448	285	311.815	377.343
et000.jpg	448	322	297.509	336.255
et001.jpg	449	66	88.6443	203.895
et000.jpg	449	220	56.1071	290.663
et000.jpg	450	265	308.475	44.6583
et003.jpg	450	96	337.719	89.7241
et006.jpg	451	465	379.106	134.712
et007.jpg	451	476	410.946	191.425
et007.jpg	452	369	290.236	255.27
et006.jpg	452	323	236.799	191.977
et000.jpg	453	416	81.6661	232.972
et001.jpg	453	380	106.33	136.05
et005.jpg	454	358	377.324	103.613
et008.jpg	454	227	294.247	246.285
et000.jpg	455	250	430.621	439.856
et001.jpg	455	136	433.762	378.384
et004.jpg	456	183	515.017	399.702
et001.jpg	456	125	545.027	341.499
et001.jpg	457	317	371.141	104.232
et005.jpg	457	450	430.891	21.809
et002.jpg	458	331	258.794	203.971
et001.jpg	458	69	231.431	207.332
et007.jpg	459	777	238.226	388.772
et006.jpg	459	726	250.953	393.573
et006.jpg	460	721	298.562	212.276
et007.jpg	460	702	333.382	258.177
et006.jpg	461	364	563.885	289.659
et007.jpg	461	396	564.976	334.897
et000.jpg	462	472	66.4824	445.381
et003.jpg	462	400	73.6613	472.814
et005.jpg	463	171	391.116	394.181
et006.jpg	463	205	483.035	398.442
et001.jpg	464	499	440.798	417.033
et002.jpg	464	791	424.765	380.81
et007.jpg	465	694	171.636	210.894
et004.jpg	465	482	274.761	73.3075
et002.jpg	466	718	421.238	149.542
et001.jpg	466	440	389.639	147.754
et007.jpg	467	353	390.799	209.674
et006.jpg	467	473	354.883	151.69
et000.jpg	468	368	379.641	189.963
et003.jpg	468	254	386.583	214.253
et006.jpg	469	444	637.034	21.2613
et005.jpg	469	348	637.208	64.9258
et006.jpg	470	613	497.01	452.016
et007.jpg	470	628	476.998	458.274
et007.jpg	471	237	461.833	410.011
et006.jpg	471	210	479.054	402.172
et003.jpg	472	306	388.757	168.041
et000.jpg	472	449	378.336	141.216
et005.jpg	473	415	216.376	287.566
et007.jpg	473	394	255.879	331.382
et008.jpg	474	128	298.581	220.613
et007.jpg	474	55	404.361	182.279
et000.jpg	475	27	427.614	78.9451
et002.jpg	475	567	430.339	214.419
et004.jpg	476	549	69.4887	339.987
et000.jpg	476	430	187.932	454.943
et007.jpg	477	89	372.293	218.667
et006.jpg	477	307	335.887	163.568
et004.jpg	478	611	84.0061	361.132
et001.jpg	478	497	240.038	377.901
et006.jpg	479	70	337.911	165.387
et005.jpg	479	37	348.369	170.207
et003.jpg	480	351	82.6617	474.541
et000.jpg	480	429	75.6991	444.983
et005.jpg	481	104	623.568	275.486
et008.jpg	481	33	114.38	48.772
et004.jpg	482	165	485.128	375.12
et000.jpg	482	116	534.599	340.521
et002.jpg	483	10	242.244	22.7437
et004.jpg	483	55	76.9696	73.2591
et000.jpg	484	377	292.665	350.268
et003.jpg	484	288	306.438	391.336
et006.jpg	485	402	485.949	409.021
et007.jpg	485	252	468.567	417.248
et003.jpg	486	314	300.982	195.502
et000.jpg	486	454	291.475	175.43
et005.jpg	487	127	599.043	317.749
et006.jpg	487	155	628.855	293.991
et004.jpg	488	124	628.917	178.11
et005.jpg	488	122	623.107	296.883
et001.jpg	489	140	432.925	384.429
et002.jpg	489	217	422.059	348.918
et001.jpg	490	322	585.621	126.066
et002.jpg	490	559	617.62	173.848
et007.jpg	491	193	420.209	361.671
et006.jpg	491	180	435.493	356.151
et000.jpg	492	145	423.034	439.233
et001.jpg	492	133	427.619	375.555
et007.jpg	493	403	293.021	354.486
et006.jpg	493	386	304.546	356.52
et004.jpg	494	484	79.3665	90.0072
et002.jpg	494	603	245.242	38.5244
et007.jpg	495	570	228.356	188.501
et006.jpg	495	563	167.538	123.915
et006.jpg	496	132	185.373	263.744
et005.jpg	496	90	190.812	265.485
et001.jpg	497	179	219.611	148.336
et002.jpg	497	301	254.365	141.963
et004.jpg	498	425	36.8475	420.452
et001.jpg	498	246	217.478	433.295
et007.jpg	499	683	538.042	132.206
et006.jpg	499	669	511.015	62.7315
et002.jpg	500	181	554.083	272.044
et001.jpg	500	218	547.5	248.71
et006.jpg	501	505	240.486	244.306
et007.jpg	501	155	288.95	300.657
et001.jpg	502	323	585.621	126.066
et002.jpg	502	560	617.62	173.848
et002.jpg	503	709	458.439	328.248
et004.jpg	503	590	395.55	385.723
et005.jpg	504	30	370.938	165.008
et007.jpg	504	356	393.491	215.582
et001.jpg	505	217	79.3681	245.878
et000.jpg	505	228	40.9991	329.822
et004.jpg	506	325	372.752	428.313
et000.jpg	506	153	459.819	447.449
et006.jpg	507	368	563.014	292.841
et005.jpg	507	417	526.599	309.095
et004.jpg	508	616	534.671	65.8291
et003.jpg	508	475	507.877	63.5259
et008.jpg	509	236	511.782	354.131
et005.jpg	509	220	120.577	174.752
et003.jpg	510	253	273.497	208.367
et000.jpg	510	364	266.108	189.321
et000.jpg	511	553	281.363	168.66
et001.jpg	511	510	294.654	180.997
et002.jpg	512	562	625.799	184.625
et001.jpg	512	326	596.247	133.03
et005.jpg	513	424	521.095	322.576
et007.jpg	513	524	559.209	350.473
et003.jpg	514	394	252.359	418.342
et008.jpg	514	394	354.723	144.321
et003.jpg	515	34	173.393	187.647
et000.jpg	515	75	166.776	180.026
et003.jpg	516	163	165.651	119.963
et000.jpg	516	277	152.346	108.305
et006.jpg	517	612	497.01	452.016
et007.jpg	517	627	476.998	458.274
et007.jpg	518	6	130.694	11.038
et006.jpg	518	0	123.307	15.0967
et002.jpg	519	23	284.83	45.1611
et004.jpg	519	241	121.498	104.49
et007.jpg	520	625	488.138	408.611
et006.jpg	520	609	499.831	391.779
et001.jpg	521	139	429.759	381.091
et004.jpg	521	315	335.198	411.464
et001.jpg	522	154	447.516	428.992
et002.jpg	522	239	428.218	392.639
et006.jpg	523	14	134.085	30.2492
et007.jpg	523	20	140.721	27.2628
et007.jpg	524	169	565.159	324.962
et005.jpg	524	120	528.007	296.128
et003.jpg	525	15	610.196	130.404
et000.jpg	525	37	598.838	98.3773
et007.jpg	526	163	233.106	316.857
et005.jpg	526	97	193.915	268.316
et002.jpg	527	486	566.359	308.297
et007.jpg	527	381	542.746	299.88
et002.jpg	528	224	425.628	354.395
et001.jpg	528	142	437.641	388.576
et000.jpg	529	568	545.994	375.005
et003.jpg	529	523	553.861	406.58
et000.jpg	530	259	440.869	462.916
et004.jpg	530	330	347.633	433.548
et000.jpg	531	343	556.102	51.4534
et004.jpg	531	449	601.159	135.728
et006.jpg	532	532	431.748	371.342
et007.jpg	532	413	415.981	375.26
et000.jpg	533	400	388.791	108.748
et003.jpg	533	302	403.354	138.862
et007.jpg	534	402	293.021	354.486
et006.jpg	534	387	304.546	356.52
et002.jpg	535	258	463.066	21.0289
et004.jpg	535	356	350.756	91.2235
et003.jpg	536	281	41.087	334.579
et002.jpg	536	431	81.4042	108.937
et000.jpg	537	42	593.875	101.984
et003.jpg	537	16	605.608	133.611
et005.jpg	538	472	215.848	187.338
et006.jpg	538	487	185.721	191.626
et006.jpg	539	440	403.853	475.441
et007.jpg	539	444	381.378	469.714
et002.jpg	540	435	192.929	130.279
et008.jpg	540	342	483.103	179.519
et005.jpg	541	24	354.073	160
et006.jpg	541	61	342.076	155.768
et001.jpg	542	388	310.65	199.789
et002.jpg	542	691	334.772	191.94
et007.jpg	543	344	233.663	187.247
et006.jpg	543	291	173.544	122.289
et000.jpg	544	66	298.074	168.455
et003.jpg	544	35	307.454	189.256
et004.jpg	545	220	515.795	44.5099
et000.jpg	545	167	468.224	16.5145
et000.jpg	546	480	388.913	137.922
et003.jpg	546	407	400.053	164.427
et006.jpg	547	369	563.014	292.841
et005.jpg	547	418	526.599	309.095
et000.jpg	548	327	529.873	351.958
et004.jpg	548	294	476.465	380.902
et007.jpg	549	800	175.645	75.9666
et005.jpg	549	705	78.7179	39.9678
et005.jpg	550	396	201.706	210.359
et007.jpg	550	375	230.914	271.69
et007.jpg	551	77	271.33	206.852
et006.jpg	551	298	213.847	140.932
et002.jpg	552	365	563.365	267.884
et000.jpg	552	305	570.167	236.057
et007.jpg	553	28	180.518	55.056
et005.jpg	553	194	96.7793	10.7122
et006.jpg	554	482	544.648	175.864
et007.jpg	554	492	553.9	227.226
et002.jpg	555	412	135.677	68.9936
et001.jpg	555	270	111.031	183.914
et003.jpg	556	367	392.358	120.942
et000.jpg	556	436	377.168	92.3757
et006.jpg	557	245	490.946	446.54
et005.jpg	557	186	395.271	440.543
et000.jpg	558	216	121.789	241.734
et003.jpg	558	119	144.273	277.288
et003.jpg	559	87	605.056	24.1921
et004.jpg	559	213	611.825	31.7905
et003.jpg	560	414	273.724	199.333
et000.jpg	560	485	265.773	179.632
et006.jpg	561	397	500.908	398.395
et007.jpg	561	426	488.837	415.221
et001.jpg	562	39	395.321	151.617
et002.jpg	562	308	425.835	154.637
et007.jpg	563	585	367.932	222.048
et008.jpg	563	402	345.564	185.236
et005.jpg	564	264	217.086	277.407
et006.jpg	564	144	207.248	278.488
et003.jpg	565	98	423.647	107.405
et006.jpg	565	203	352.997	396.426
et004.jpg	566	428	345.977	430.233
et000.jpg	566	337	439.164	460.967
et003.jpg	567	188	218.371	223.981
et002.jpg	567	163	252.389	250.468
et000.jpg	568	112	583.47	315.076
et003.jpg	568	131	591.383	349.961
et007.jpg	569	801	462.232	84.6877
et005.jpg	569	681	439.306	38.492
et002.jpg	570	277	602.908	94.0755
et005.jpg	570	413	630.163	279.607
et002.jpg	571	530	590.477	104.172
et001.jpg	571	368	545.045	72.1048
et004.jpg	572	276	147.335	233.557
et000.jpg	572	230	256.079	343.608
et007.jpg	573	739	455.842	233.003
et006.jpg	573	716	427.741	176.18
et006.jpg	574	244	465.053	442.14
et007.jpg	574	283	445.633	445.532
et006.jpg	575	476	224.525	155.818
et007.jpg	575	488	280.251	220.824
et001.jpg	576	280	233.867	215.971
et002.jpg	576	335	259.542	211.411
et005.jpg	577	71	632.437	248.026
et008.jpg	577	47	100.198	66.9578
et007.jpg	578	305	449.827	466.594
et006.jpg	578	272	470.662	464.207
et000.jpg	579	543	532.513	324.461
et003.jpg	579	492	540.403	360.711
et000.jpg	580	50	605.037	113.637
et003.jpg	580	19	616.402	144.531
et007.jpg	581	288	438.936	452.917
et006.jpg	581	253	459.236	451.054
et008.jpg	582	298	504.965	355.161
et002.jpg	582	500	272	442.77
et003.jpg	583	368	392.358	120.942
et000.jpg	583	437	377.168	92.3757
et000.jpg	584	514	61.4138	316.278
et001.jpg	584	447	96.3336	226.838
et007.jpg	585	141	234.903	284.684
et005.jpg	585	236	205.924	225.548
et006.jpg	586	230	496.525	427.46
et007.jpg	586	276	477.9	435.464
et004.jpg	587	411	547.987	376.165
et003.jpg	587	128	592.703	345.053
et005.jpg	588	86	541.75	262.068
et006.jpg	588	119	572.335	242.056
et006.jpg	589	71	264.104	166.386
et007.jpg	589	101	314.476	229.943
et001.jpg	590	127	499.475	347.785
et000.jpg	590	244	509.035	379.292
et004.jpg	591	516	227.053	83.4526
et003.jpg	591	161	153.473	116.706
et002.jpg	592	38	593.572	100.134
et001.jpg	592	8	547.064	67.8841
et004.jpg	593	470	108.969	222.092
et000.jpg	593	325	216.738	340.231
et001.jpg	594	114	561.904	316.252
et002.jpg	594	215	553.943	338.461
et006.jpg	595	239	403.216	437.742
et007.jpg	595	272	382.622	434.173
et004.jpg	596	533	121.894	172.285
et000.jpg	596	419	238.739	303.503
et005.jpg	597	80	593.836	256.454
et006.jpg	597	112	618.034	229.54
et007.jpg	598	726	343.174	131.46
et005.jpg	598	653	311.517	74.2916
et003.jpg	599	330	235.501	336.276
et000.jpg	599	417	217.808	297.367
et006.jpg	600	401	485.949	409.021
et007.jpg	600	251	468.567	417.248
et006.jpg	601	535	406.689	385.265
et007.jpg	601	420	388.959	385.556
et003.jpg	602	524	512.666	126.719
et000.jpg	602	569	497.239	96.9703
et007.jpg	603	778	488.808	18.6204
et008.jpg	603	509	167.598	406.115
et003.jpg	604	356	549.677	82.4626
et000.jpg	604	475	534.956	47.9701
et008.jpg	605	416	258.968	305.588
et007.jpg	605	552	420.043	100.692
et004.jpg	606	487	120.554	99.3826
et002.jpg	606	604	283.557	40.5034
et007.jpg	607	619	422.831	369.24
et006.jpg	607	604	438.402	363.899
et000.jpg	608	226	23.8827	327.215
et002.jpg	608	54	82.3805	130.122
et002.jpg	609	154	175.575	243.801
et001.jpg	609	226	152.892	265.095
et006.jpg	610	260	480.061	459.414
et007.jpg	610	301	459.535	463.176
et007.jpg	611	710	502.235	280.35
et006.jpg	611	583	485.997	223.243
et005.jpg	612	349	637.208	64.9258
et006.jpg	612	445	637.034	21.2613
et001.jpg	613	460	533.733	45.4371
et002.jpg	613	740	585.794	72.228
et006.jpg	614	178	438.56	354.811
et005.jpg	614	147	343.433	347.519
et008.jpg	615	115	291.213	210.72
et007.jpg	615	60	414.577	190.07
et001.jpg	616	138	429.759	381.091
et000.jpg	616	149	425.736	444.936
et000.jpg	617	423	266.892	341.686
et003.jpg	617	344	280.926	380.845
et005.jpg	618	527	102.457	23.207
et007.jpg	618	456	195.55	62.7454
et006.jpg	619	265	497.263	461.486
et007.jpg	619	306	476.67	466.888
et007.jpg	620	419	446.513	385.148
et005.jpg	620	309	369.11	372.439
et007.jpg	621	717	577.217	408.182
et005.jpg	621	626	540.455	382.028
et007.jpg	622	65	213.941	195.125
et005.jpg	622	203	187.946	118.348
et007.jpg	623	534	392.173	433.247
et008.jpg	623	250	388.723	99.2102
et005.jpg	624	45	344.658	184.564
et006.jpg	624	320	339.578	181.229
et000.jpg	625	551	366.111	131.364
et003.jpg	625	503	383.004	158.551
et005.jpg	626	521	574.923	422.503
et006.jpg	626	659	615.825	408.738
et004.jpg	627	574	68.0549	72.258
et002.jpg	627	735	234.089	23.0078
et007.jpg	628	97	302.068	225.264
et006.jpg	628	63	250.22	161.849
et007.jpg	629	57	248.067	185.32
et006.jpg	629	30	188.334	119.587
et005.jpg	630	439	420.26	441.632
et007.jpg	630	541	492.672	453.829
et002.jpg	631	106	631.513	199.086
et000.jpg	631	46	619.293	110.675
et007.jpg	632	409	413.295	368.473
et006.jpg	632	389	429.199	364.593
et004.jpg	633	154	152.516	234.541
et000.jpg	633	117	261.338	343.58
et002.jpg	634	720	360.202	156.607
et004.jpg	634	530	371.694	167.697
et005.jpg	635	517	279.235	356.101
et006.jpg	635	605	382.543	368.191
et008.jpg	636	73	388.845	103.237
et006.jpg	636	232	410.898	430.985
et004.jpg	637	476	510.206	355.016
et002.jpg	637	371	532.341	311.259
et006.jpg	638	140	608.121	270.127
et005.jpg	638	117	578.872	293.146
et006.jpg	639	142	549.625	272.422
et007.jpg	639	164	553.259	318.375
et001.jpg	640	159	475.069	13.9911
et002.jpg	640	255	533.186	15.2208
et003.jpg	641	437	408.212	126.432
et000.jpg	641	505	393.439	96.2377
et005.jpg	642	67	415.361	241.003
et006.jpg	642	339	421.268	230.05
et004.jpg	643	324	372.752	428.313
et000.jpg	643	152	459.819	447.449
et007.jpg	644	659	630.578	323.356
et006.jpg	644	645	629.764	265.449
et000.jpg	645	79	268.119	185.474
et003.jpg	645	36	276.389	203.957
et006.jpg	646	745	127.537	212.585
et004.jpg	646	518	291.301	94.0726
et008.jpg	647	175	121.359	62.4644
et000.jpg	647	173	565.9	83.8503
et007.jpg	648	182	567.269	338.093
et005.jpg	648	274	530.216	309.583
et005.jpg	649	6	389.224	115.966
et008.jpg	649	140	286.794	234.374
et007.jpg	650	669	327.162	401.013
et006.jpg	650	658	343.626	405.042
et004.jpg	651	264	261.882	202.577
et002.jpg	651	134	224.352	218.188
et006.jpg	652	190	424.932	370.564
et007.jpg	652	209	408.586	373.52
et002.jpg	653	736	234.089	23.0078
et004.jpg	653	575	68.0549	72.258
et002.jpg	654	416	139.367	72.2256
et003.jpg	654	124	105.084	314.143
et006.jpg	655	137	633.251	266.75
et004.jpg	655	129	616.375	191.393
et007.jpg	656	641	400.412	205.824
et005.jpg	656	588	378.109	154.713
et007.jpg	657	81	395.276	212.797
et005.jpg	657	214	372.553	162.046
et004.jpg	658	448	125.272	135.764
et003.jpg	658	275	261.415	314.659
et001.jpg	659	81	197.435	217.637
et002.jpg	659	118	223.942	208.093
et001.jpg	660	19	574.837	104.85
et002.jpg	660	70	611.833	148.622
et007.jpg	661	819	584.571	463.365
et005.jpg	661	718	545.751	445.107
et001.jpg	662	148	440.273	397.099
et002.jpg	662	231	426.996	362.401
et001.jpg	663	164	434.179	86.6484
et007.jpg	663	343	355.234	181.937
et007.jpg	664	205	548.162	370.002
et005.jpg	664	298	507.803	343.793
et005.jpg	665	539	231.975	159.55
et006.jpg	665	573	196.441	164.265
et005.jpg	666	137	593.776	331.553
et006.jpg	666	160	624.796	309.215
et005.jpg	667	96	623.983	267.131
et008.jpg	667	39	111.977	55.0512
et005.jpg	668	701	513.04	203.533
et007.jpg	668	816	551.682	233.443
et006.jpg	669	757	510.684	92.3911
et007.jpg	669	786	537.133	162.176
et007.jpg	670	482	407.424	208.171
et006.jpg	670	472	372.858	150.678
et002.jpg	671	509	240.054	32.5986
et004.jpg	671	441	74.673	83.173
et007.jpg	672	171	240.158	326.001
et005.jpg	672	107	206.528	280.18
et005.jpg	673	213	386.85	161.095
et006.jpg	673	58	374.412	153.153
et008.jpg	674	88	278.684	124.336
et002.jpg	674	307	425.835	154.637
et000.jpg	675	163	437.764	473.626
et004.jpg	675	201	341.628	441.013
et007.jpg	676	758	382.727	204.831
et005.jpg	676	660	358.759	152.805
et000.jpg	677	304	579.045	211.288
et007.jpg	677	379	545.793	298.151
et000.jpg	678	219	587.951	269.718
et001.jpg	678	104	568.141	278.326
et005.jpg	679	485	358.965	231.039
et007.jpg	679	508	389.534	273.339
et008.jpg	680	368	140.133	29.8863
et005.jpg	680	574	603.531	308.983
et003.jpg	681	340	87.5056	352.491
et002.jpg	681	534	125.983	122.345
et008.jpg	682	240	332.659	358.367
et001.jpg	682	36	241.556	143.864
et005.jpg	683	717	453.574	418.927
et007.jpg	683	808	516.153	440.685
et005.jpg	684	93	617.278	266.117
et004.jpg	684	111	605.235	168.555
et008.jpg	685	374	128.415	41.5826
et005.jpg	685	569	611.558	290.331
et006.jpg	686	788	313.687	174.546
et007.jpg	686	815	349.437	227.23
et005.jpg	687	383	366.891	171.217
et006.jpg	687	308	358.036	164.972
et005.jpg	688	405	411.458	249.249
et006.jpg	688	498	417.979	238.773
et004.jpg	689	126	611.782	184.694
et005.jpg	689	270	608.511	283.859
et007.jpg	690	120	392.281	249.115
et006.jpg	690	101	359.574	194.134
et005.jpg	691	471	216.56	181.381
et006.jpg	691	578	186.611	186.235
et008.jpg	692	34	118.562	48.6308
et005.jpg	692	265	619.196	277.489
et005.jpg	693	116	578.872	293.146
et006.jpg	693	139	608.121	270.127
et008.jpg	694	71	296.885	93.1524
et006.jpg	694	515	423.028	259.103
et002.jpg	695	844	218.055	174.811
et001.jpg	695	533	185.077	193.281
et005.jpg	696	87	541.75	262.068
et006.jpg	696	120	572.335	242.056
et006.jpg	697	729	199.376	24.3936
et007.jpg	697	754	210.109	30.4183
et006.jpg	698	732	152.22	61.9765
et007.jpg	698	722	158.376	58.3034
et001.jpg	699	233	533.032	316.88
et004.jpg	699	410	503.272	372.319
et003.jpg	700	372	619.135	142.773
et000.jpg	700	445	608.315	111.808
et000.jpg	701	522	477.523	159.363
et003.jpg	701	481	488.046	187.77
et007.jpg	702	555	545.653	127.018
et006.jpg	702	285	522.425	60.052
et005.jpg	703	360	219.867	110.392
et007.jpg	703	472	241.053	186.789
et003.jpg	704	397	65.3226	471.228
et000.jpg	704	469	57.4574	443.9
et007.jpg	705	478	222.304	194.981
et006.jpg	705	461	162.035	131.086
et006.jpg	706	220	468.617	414.078
et005.jpg	706	174	372.886	407.859
et003.jpg	707	145	480.449	444.767
et004.jpg	707	305	400.218	399.123
et007.jpg	708	109	256.49	234.915
et005.jpg	708	218	234.619	167.986
et005.jpg	709	515	264.318	350.261
et007.jpg	709	618	349.132	363.378
et007.jpg	710	289	445.17	455.266
et006.jpg	710	255	465.535	453.077
et008.jpg	711	114	291.213	210.72
et007.jpg	711	59	414.577	190.07
et007.jpg	712	680	420.221	92.2636
et008.jpg	712	451	256.353	314.333
et007.jpg	713	250	468.567	417.248
et006.jpg	713	400	485.949	409.021
et006.jpg	714	151	567.421	288.57
et005.jpg	714	124	531.849	305.62
et000.jpg	715	379	288.991	360.943
et003.jpg	715	291	301.639	398.758
et000.jpg	716	341	284.85	45.1535
et003.jpg	716	152	314.684	89.5983
et001.jpg	717	227	159.514	272.395
et000.jpg	717	176	130.038	99.6263
et004.jpg	718	174	450.62	393.417
et000.jpg	718	123	512.254	375.259
et007.jpg	719	574	219.474	195.869
et005.jpg	719	459	195.136	119.126
et006.jpg	720	441	403.853	475.441
et007.jpg	720	445	381.378	469.714
et003.jpg	721	309	404.984	174.054
et000.jpg	721	451	393.533	146.976
et007.jpg	722	66	230.472	196.192
et008.jpg	722	213	473.053	205.069
et008.jpg	723	202	447.8	153.159
et005.jpg	723	42	246.316	181.63
et002.jpg	724	475	260.595	234.54
et001.jpg	724	214	238.327	239.438
et003.jpg	725	502	383.004	158.551
et000.jpg	725	550	366.111	131.364
et007.jpg	726	427	394.09	418.599
et006.jpg	726	407	413.413	419.861
et007.jpg	727	58	255.046	187.51
et006.jpg	727	32	196.486	121.869
et003.jpg	728	245	237.818	176.55
et000.jpg	728	360	230.706	164.696
et008.jpg	729	442	175.434	213.499
et007.jpg	729	685	522.839	150.999
et004.jpg	730	591	58.4479	387.537
et002.jpg	730	727	224.227	313.186
et003.jpg	731	77	439.89	451.828
et000.jpg	731	129	433.731	412.286
et003.jpg	732	434	318.82	98.5173
et000.jpg	732	502	289.074	54.2761
et000.jpg	733	362	272.084	185.679
et003.jpg	733	252	280.283	205.023
et001.jpg	734	15	62.057	99.0237
et003.jpg	734	40	67.5397	222.324
et006.jpg	735	646	629.764	265.449
et007.jpg	735	660	630.578	323.356
et007.jpg	736	766	503.177	255.899
et006.jpg	736	744	485.773	200.813
et004.jpg	737	468	431.037	218.936
et002.jpg	737	566	415.446	200.567
et006.jpg	738	40	203.862	130.499
et007.jpg	738	68	262.392	196.843
et006.jpg	739	281	127.507	30.1974
et007.jpg	739	16	134.814	26.5922
et000.jpg	740	363	254.984	187.731
et003.jpg	740	251	262.328	205.377
et001.jpg	741	344	438.021	210.371
et002.jpg	741	572	456.538	235.043
et002.jpg	742	123	264.022	210.967
et001.jpg	742	79	238.515	215.088
et004.jpg	743	316	356.492	413.014
et000.jpg	743	142	443.189	437.905
et002.jpg	744	155	158.322	244.851
et001.jpg	744	237	151.522	346.682
et003.jpg	745	165	247.562	128.683
et000.jpg	745	279	236.78	113.284
et003.jpg	746	412	392.791	176.244
et000.jpg	746	484	382.903	149.735
et007.jpg	747	211	429.695	375.126
et006.jpg	747	189	445.582	369.241
et008.jpg	748	145	293.656	237.527
et007.jpg	748	47	403.876	165.202
et005.jpg	749	261	473.725	270.917
et007.jpg	749	386	495.958	308.706
et007.jpg	750	190	401.415	357.827
et006.jpg	750	385	416.848	355.046
et002.jpg	751	570	297.953	225.119
et001.jpg	751	392	276.472	237.214
et003.jpg	752	90	623.094	43.2617
et004.jpg	752	351	623.672	61.721
et004.jpg	753	368	125.087	136.126
et002.jpg	753	271	289.53	75.4042
et007.jpg	754	385	285.424	307.039
et006.jpg	754	508	238.341	251.585
et001.jpg	755	362	216.718	379.762
et004.jpg	755	551	57.1284	355.829
et001.jpg	756	457	543.927	299.075
et004.jpg	756	567	523.957	358.555
et007.jpg	757	649	462.288	238.07
et005.jpg	757	597	439.32	196.082
et007.jpg	758	835	519.258	252.12
et005.jpg	758	722	486.434	212.673
et007.jpg	759	317	502.601	476.092
et006.jpg	759	275	524.01	468.684
et001.jpg	760	498	412.813	389.244
et002.jpg	760	729	401.849	335.953
et006.jpg	761	652	632.344	283.922
et007.jpg	761	664	631.515	340.685
et001.jpg	762	410	330.228	178.703
et002.jpg	762	633	358.591	174.112
et007.jpg	763	539	483.011	440.8
et006.jpg	763	541	502.154	432.336
et007.jpg	764	214	625.439	375.91
et006.jpg	764	168	628.638	323.937
et005.jpg	765	435	147.796	369.115
et007.jpg	765	215	242.497	380.157
et003.jpg	766	61	66.4332	372.144
et002.jpg	766	71	108.472	149.513
et003.jpg	767	172	10.2549	167.437
et006.jpg	767	525	424.795	310.953
et003.jpg	768	196	78.4712	273.659
et000.jpg	768	307	55.5456	242.872
et003.jpg	769	183	227.194	204.751
et001.jpg	769	215	238.327	239.438
et006.jpg	770	518	550.651	268.857
et007.jpg	770	389	554.168	314.957
et000.jpg	771	218	607.953	245.623
et001.jpg	771	224	586.164	263.246
et002.jpg	772	114	250.64	204.581
et001.jpg	772	202	222.976	209.389
et002.jpg	773	88	619.384	173.788
et001.jpg	773	26	587.65	125.146
et000.jpg	774	202	591.878	206.354
et004.jpg	774	281	585.738	292.506
et000.jpg	775	312	92.0247	279.343
et003.jpg	775	203	112.245	312.053
et002.jpg	776	378	493.389	326.282
et001.jpg	776	236	499.621	331.66
et000.jpg	777	195	171.938	185.511
et002.jpg	777	143	217.98	224.227
et006.jpg	778	242	462.817	439.609
et005.jpg	778	178	363.973	432.312
et008.jpg	779	208	338.958	181.473
et007.jpg	779	490	375.203	224.624
et006.jpg	780	614	474.538	468.085
et008.jpg	780	311	339.844	39.736
et003.jpg	781	234	157.182	109.657
et000.jpg	781	398	143.224	96.585
et006.jpg	782	540	502.154	432.336
et007.jpg	782	538	483.011	440.8
et005.jpg	783	359	377.324	103.613
et008.jpg	783	226	294.247	246.285
et008.jpg	784	300	532.131	355.457
et005.jpg	784	388	99.5863	183.795
et006.jpg	785	76	325.499	168.156
et007.jpg	785	359	363.041	222.881
et004.jpg	786	100	604.658	151.662
et005.jpg	786	76	630.256	253.182
et003.jpg	787	473	258.862	387.37
et000.jpg	787	516	247.673	352.57
et008.jpg	788	191	261.097	110.008
et007.jpg	788	143	475.604	285.197
et001.jpg	789	441	389.639	147.754
et002.jpg	789	719	421.238	149.542
et006.jpg	790	196	478.58	380.364
et005.jpg	790	164	402.553	379.831
et004.jpg	791	140	276.559	217.978
et008.jpg	791	293	413.468	308.706
et007.jpg	792	278	425.059	439.392
et006.jpg	792	240	444.695	438.136
et005.jpg	793	531	445.952	78.2383
et007.jpg	793	554	468.024	124.277
et002.jpg	794	753	303.251	203.123
et001.jpg	794	469	280.825	216.084
et000.jpg	795	526	501.544	212.368
et003.jpg	795	464	512.052	245.331
et007.jpg	796	473	241.053	186.789
et005.jpg	796	361	219.867	110.392
et006.jpg	797	568	200.993	133.487
et007.jpg	797	479	259.725	199.562
et007.jpg	798	49	399.11	166.532
et008.jpg	798	143	298.916	237.243
et001.jpg	799	291	54.1276	264.347
et002.jpg	799	444	71.3699	150.1
et005.jpg	800	62	274.364	235.482
et006.jpg	800	114	246.606	230.752
et006.jpg	801	276	363.913	469.845
et007.jpg	801	296	340.49	459.998
et005.jpg	802	637	433.67	175.293
et006.jpg	802	714	429.567	161.669
et005.jpg	803	336	405.42	454.063
et006.jpg	803	428	500.803	459.499
et001.jpg	804	370	591.312	103.709
et000.jpg	804	477	602.51	76.0954
et002.jpg	805	594	297.04	402.745
et008.jpg	805	419	466.036	350.88
et000.jpg	806	512	236.706	284.351
et003.jpg	806	450	256.531	324.811
et000.jpg	807	184	178.222	168.411
et003.jpg	807	113	185.444	177.227
et005.jpg	808	136	593.776	331.553
et006.jpg	808	159	624.796	309.215
et000.jpg	809	346	214.225	100.041
et003.jpg	809	299	227.221	115.567
et008.jpg	810	144	287.769	237.501
et006.jpg	810	27	375.311	106.497
et006.jpg	811	660	497.989	423.082
et007.jpg	811	672	479.287	432.083
et000.jpg	812	555	102.639	211.2
et004.jpg	812	642	164.099	212.585
et005.jpg	813	108	615.833	280.016
et004.jpg	813	121	613.38	176.593
et001.jpg	814	41	176.228	154.272
et002.jpg	814	297	209.176	139.233
et007.jpg	815	197	440.813	363.919
et006.jpg	815	181	454.985	356.019
et001.jpg	816	308	552.693	63.6601
et002.jpg	816	527	599.711	98.3504
et007.jpg	817	354	398.951	214.846
et006.jpg	817	304	364.73	158.058
et005.jpg	818	333	559.785	451.008
et001.jpg	818	337	123.75	162.557
et005.jpg	819	131	591.952	323.772
et004.jpg	819	143	629.205	220.428
et003.jpg	820	313	300.982	195.502
et000.jpg	820	453	291.475	175.43
et007.jpg	821	425	384.549	415.397
et006.jpg	821	405	404.225	417.611
et007.jpg	822	177	442.526	332.398
et006.jpg	822	361	421.14	284.277
et005.jpg	823	29	370.938	165.008
et007.jpg	823	355	393.491	215.582
et008.jpg	824	400	542.436	174.391
et005.jpg	824	598	138.352	198.63
et000.jpg	825	128	470.774	409.674
et004.jpg	825	189	395.278	402.122
et005.jpg	826	428	514.178	331.042
et006.jpg	826	376	554.166	316.954
et000.jpg	827	567	464.087	205.885
et003.jpg	827	520	467.573	234.657
et001.jpg	828	89	204.465	225.949
et002.jpg	828	131	229.984	217.38
et005.jpg	829	148	343.433	347.519
et006.jpg	829	179	438.56	354.811
et007.jpg	830	56	216.602	183.863
et005.jpg	830	4	190.661	106.018
et006.jpg	831	431	539.305	465.66
et007.jpg	831	447	517.964	475.242
et007.jpg	832	19	140.721	27.2628
et006.jpg	832	13	134.085	30.2492
et007.jpg	833	94	353.88	221.455
et006.jpg	833	74	316.801	166.848
et004.jpg	834	93	127.654	139.979
et007.jpg	834	44	318.368	160.83
et003.jpg	835	432	490.38	447.525
et004.jpg	835	569	410.194	405.126
et007.jpg	836	206	447.611	372.9
et006.jpg	836	186	462.682	364.731
et006.jpg	837	678	303.735	169.528
et007.jpg	837	643	339.986	222.033
et002.jpg	838	697	130.076	245.382
et001.jpg	838	429	122.523	351.92
et006.jpg	839	212	439.294	404.276
et007.jpg	839	229	421.301	407.138
et004.jpg	840	235	226.004	97.0566
et000.jpg	840	47	143.999	112.01
et007.jpg	841	417	504.778	383.794
et006.jpg	841	384	506.361	353.427
et000.jpg	842	183	217.215	156.972
et003.jpg	842	110	224.306	167.996
et002.jpg	843	77	422.588	156.583
et008.jpg	843	305	232.971	470.115
et005.jpg	844	384	211.91	172.257
et008.jpg	844	268	478.878	164.792
et007.jpg	845	663	631.515	340.685
et006.jpg	845	651	632.344	283.922
et008.jpg	846	232	487.375	353.555
et002.jpg	846	393	283.208	423.918
et002.jpg	847	352	256.124	245.128
et001.jpg	847	221	235.53	251.531
et006.jpg	848	406	467.948	417.691
et007.jpg	848	255	449.756	422.893
et005.jpg	849	558	626.657	253.878
et002.jpg	849	532	600.58	118.638
et006.jpg	850	599	634.402	296.307
et007.jpg	850	616	633.108	352.326
et007.jpg	851	264	455.414	428.353
et006.jpg	851	226	473.732	422.596
et000.jpg	852	315	594.515	306.788
et004.jpg	852	290	559.523	378.518
et007.jpg	853	218	361.028	380.324
et006.jpg	853	200	379.725	383.992
et002.jpg	854	377	224.366	322.158
et004.jpg	854	417	56.9509	398.022
et005.jpg	855	297	507.803	343.793
et007.jpg	855	204	548.162	370.002
et001.jpg	856	287	214.019	238.212
et002.jpg	856	473	237.653	230.338
et000.jpg	857	203	591.878	206.354
et004.jpg	857	282	585.738	292.506
et006.jpg	858	695	356.868	367.327
et007.jpg	858	749	342.978	368.182
et002.jpg	859	768	549.088	19.4625
et001.jpg	859	477	492.716	15.6551
et002.jpg	860	392	283.208	423.918
et008.jpg	860	233	487.375	353.555
et001.jpg	861	372	360.246	112.931
et004.jpg	861	520	376.649	118.769
et006.jpg	862	569	176.416	144.337
et005.jpg	862	537	211.358	135.006
et007.jpg	863	761	324.472	222.876
et004.jpg	863	624	468.865	342.471
et001.jpg	864	137	433.762	378.384
et000.jpg	864	249	430.621	439.856
et000.jpg	865	139	422.973	434.527
et004.jpg	865	186	334.405	401.778
et000.jpg	866	564	433.02	152.469
et003.jpg	866	512	439.687	178.78
et000.jpg	867	471	66.4824	445.381
et003.jpg	867	399	73.6613	472.814
et002.jpg	868	156	158.322	244.851
et001.jpg	868	238	151.522	346.682
et005.jpg	869	321	436.627	410.052
et007.jpg	869	532	498.412	426.861
et008.jpg	870	359	225.118	387.12
et007.jpg	870	455	446.272	61.3929
et005.jpg	871	151	504.734	350.011
et007.jpg	871	213	545.742	375.814
et006.jpg	872	693	224.136	289.485
et007.jpg	872	612	260.148	334.194
et006.jpg	873	102	242.12	205.548
et007.jpg	873	131	294.235	267.551
et003.jpg	874	458	482.694	40.9645
et004.jpg	874	614	514.274	28.9684
et002.jpg	875	53	82.3805	130.122
et000.jpg	875	225	23.8827	327.215
et007.jpg	876	713	279.347	328.448
et005.jpg	876	646	246.076	284.165
et007.jpg	877	489	280.251	220.824
et006.jpg	877	477	224.525	155.818
et006.jpg	878	73	316.801	166.848
et007.jpg	878	93	353.88	221.455
et006.jpg	879	234	478.431	435.146
et007.jpg	879	279	459.388	440.405
et006.jpg	880	409	457.489	421.967
et005.jpg	880	323	359.505	414.631
et005.jpg	881	269	532.968	283.883
et006.jpg	881	135	566.454	266.137
et004.jpg	882	120	126.01	175.089
et002.jpg	882	47	286.874	115.104
et005.jpg	883	40	257.511	173.327
et006.jpg	883	85	223.599	175.151
et008.jpg	884	488	351.428	175.216
et007.jpg	884	793	369.05	235.147
et005.jpg	885	255	427.746	259.919
et007.jpg	885	154	453.787	298.589
et007.jpg	886	309	431.488	469.887
et006.jpg	886	434	452.467	470.113
et008.jpg	887	303	414.079	394.885
et007.jpg	887	557	281.898	129.582
et001.jpg	888	327	97.6873	134.297
et002.jpg	888	599	127.339	13.6908
et005.jpg	889	272	459.765	296.487
et007.jpg	889	178	483.555	332.548
et002.jpg	890	96	619.065	186.555
et001.jpg	890	29	590.018	137.696
et000.jpg	891	148	444.25	442.204
et004.jpg	891	321	356.382	417.202
et007.jpg	892	662	634.214	332.61
et006.jpg	892	649	634.17	275.037
et007.jpg	893	450	472.423	476.431
et006.jpg	893	435	493.665	472.349
et006.jpg	894	662	536.895	451.821
et007.jpg	894	674	516.6	462.242
et004.jpg	895	208	589.215	17.4401
et003.jpg	895	86	583.408	23.9869
et005.jpg	896	719	305.244	133.763
et007.jpg	896	829	320.403	196.855
et005.jpg	897	244	633.142	238.647
et008.jpg	897	54	96.8056	74.6707
et001.jpg	898	360	471.317	366.957
et002.jpg	898	588	461.028	347.136
et006.jpg	899	358	556.458	277.081
et007.jpg	899	167	558.914	322.504
et000.jpg	900	182	164.168	146.462
et003.jpg	900	24	173.044	155.049
et000.jpg	901	263	586.643	7.18223
et003.jpg	901	150	606.549	49.291
et008.jpg	902	215	303.59	213.763
et001.jpg	902	426	287.312	272.969
et003.jpg	903	210	550.614	352.697
et001.jpg	903	230	528.655	304.482
et003.jpg	904	170	317.624	164.497
et005.jpg	904	162	382.367	367.479
et001.jpg	905	403	380.364	143.189
et006.jpg	905	39	374.458	129.421
et002.jpg	906	323	623.364	189.342
et001.jpg	906	32	595.111	138.184
et001.jpg	907	521	429.106	186.611
et002.jpg	907	828	452.749	206.555
et000.jpg	908	290	194.714	168.217
et003.jpg	908	177	200.791	177.86
et001.jpg	909	258	588.403	120.929
et002.jpg	909	454	621.226	169.74
et005.jpg	910	81	624.767	257.807
et004.jpg	910	105	604.696	158.213
et005.jpg	911	573	603.531	308.983
et008.jpg	911	369	140.133	29.8863
et002.jpg	912	376	224.366	322.158
et004.jpg	912	416	56.9509	398.022
et003.jpg	913	370	606.139	129.787
et000.jpg	913	441	594.838	98.4988
et001.jpg	914	307	544.329	60.1605
et004.jpg	914	493	591.011	129.837
et008.jpg	915	297	562.291	349.249
et005.jpg	915	474	69.1141	207.886
et006.jpg	916	225	473.732	422.596
et007.jpg	916	263	455.414	428.353
et004.jpg	917	246	596.412	129.037
et002.jpg	917	33	595.856	90.7228
et006.jpg	918	780	337.219	234.437
et007.jpg	918	768	358.791	275.423
et007.jpg	919	51	544.934	173.322
et006.jpg	919	26	519.447	102.924
et003.jpg	920	398	65.3226	471.228
et000.jpg	920	470	57.4574	443.9
et002.jpg	921	402	508.416	466.355
et006.jpg	921	193	482.407	380
et005.jpg	922	60	65.2799	233.501
et008.jpg	922	147	567.542	335.092
et000.jpg	923	428	75.6991	444.983
et003.jpg	923	350	82.6617	474.541
et005.jpg	924	39	372.056	170.47
et006.jpg	924	65	362.82	163.61
et006.jpg	925	143	188.758	274.004
et005.jpg	925	412	200.041	279.128
et000.jpg	926	452	178.469	170.713
et003.jpg	926	310	185.508	179.335
et005.jpg	927	134	595.889	326.224
et006.jpg	927	157	626.411	303.385
et005.jpg	928	64	631.733	235.436
et008.jpg	928	58	97.2374	77.8382
et005.jpg	929	10	388.665	130.892
et006.jpg	929	35	379.694	124.105
et006.jpg	930	134	566.454	266.137
et007.jpg	930	161	569.159	313.557
et002.jpg	931	571	468.205	224.681
et001.jpg	931	342	447.271	196.708
et007.jpg	932	262	419.935	427.976
et006.jpg	932	229	439.127	426.802
et001.jpg	933	122	150.709	325.573
et000.jpg	933	133	110.22	417.217
et008.jpg	934	480	487.512	439.469
et005.jpg	934	583	127.534	84.7331
et001.jpg	935	351	54.4241	263.775
et002.jpg	935	545	72.1627	149.443
et000.jpg	936	483	476.1	141.651
et003.jpg	936	440	484.454	165.568
et008.jpg	937	216	299.856	214.237
et007.jpg	937	346	405.179	189.005
et001.jpg	938	361	471.317	366.957
et002.jpg	938	587	461.028	347.136
et007.jpg	939	168	635.922	323.624
et006.jpg	939	133	635.315	264.73
et006.jpg	940	330	486.709	211.068
et007.jpg	940	372	505.194	266.599
et007.jpg	941	840	523.459	369.704
et006.jpg	941	810	520.998	323.342
et005.jpg	942	655	95.3408	105.392
et007.jpg	942	755	184.537	140.978
et001.jpg	943	51	494.641	168.059
et000.jpg	943	73	496.941	178.91
et003.jpg	944	218	209.241	380.97
et000.jpg	944	233	195.963	345.69
et006.jpg	945	727	336.57	412.465
et007.jpg	945	751	318.744	408.078
et000.jpg	946	119	496.341	349.648
et004.jpg	946	163	440.128	363.539
et006.jpg	947	103	310.677	206.887
et007.jpg	947	124	344.12	256.805
et000.jpg	948	488	271.29	197.053
et003.jpg	948	378	278.841	215.443
et005.jpg	949	535	536.718	102.903
et008.jpg	949	441	145.565	213.653
et006.jpg	950	404	515.318	415.063
et007.jpg	950	269	502.16	432.15
et000.jpg	951	61	149.274	157.433
et004.jpg	951	257	236.006	166.302
et000.jpg	952	224	44.6129	319.717
et001.jpg	952	213	81.6013	235.467
et007.jpg	953	281	471.837	443.896
et006.jpg	953	237	491.139	437.46
et007.jpg	954	776	614.866	370.724
et006.jpg	954	752	617.637	319.46
et006.jpg	955	209	479.054	402.172
et007.jpg	955	236	461.833	410.011
et000.jpg	956	19	554.808	62.9058
et004.jpg	956	249	596.905	145.972
et001.jpg	957	143	437.641	388.576
et002.jpg	957	225	425.628	354.395
et002.jpg	958	800	482.801	276.945
et001.jpg	958	511	478.054	269.096
